age,gender,education,country,ethnicity,nscore,escore,oscore,ascore,cscore,choc
2,Male,3,Canada,Mixed-White/Black,39,36,42,37,42,5
1,Female,0,Canada,Mixed-Black/Asian,29,52,55,48,41,6
2,Female,3,Canada,Mixed-Black/Asian,31,45,40,32,34,4
0,Male,2,Canada,Mixed-Black/Asian,34,34,46,47,46,4
2,Male,0,Canada,Mixed-Black/Asian,43,28,43,41,50,6
5,Male,0,New Zealand,Mixed-Black/Asian,29,38,35,55,52,4
3,Female,2,UK,Mixed-Black/Asian,31,32,43,41,48,5
2,Female,0,Canada,Mixed-Black/Asian,24,52,40,41,52,4
2,Male,3,New Zealand,Mixed-Black/Asian,42,55,39,48,49,6
4,Female,2,Canada,Mixed-Black/Asian,33,40,36,47,43,6
1,Male,5,Canada,Mixed-Black/Asian,26,45,38,38,53,5
3,Female,4,Australia,Mixed-Black/Asian,24,40,47,30,38,5
4,Male,5,Canada,Mixed-Black/Asian,56,41,49,32,36,5
4,Male,3,New Zealand,Mixed-Black/Asian,28,45,46,49,59,0
4,Male,3,Canada,Mixed-Black/Asian,27,49,49,39,52,6
4,Female,5,Canada,Mixed-Black/Asian,19,29,35,36,49,5
2,Male,4,Canada,Mixed-Black/Asian,22,34,34,45,47,5
3,Female,0,Canada,Mixed-Black/Asian,41,31,44,40,31,4
4,Female,5,USA,Mixed-Black/Asian,49,39,45,30,30,6
2,Female,3,Canada,Mixed-Black/Asian,32,27,29,30,47,6
3,Female,3,Canada,Mixed-Black/Asian,28,45,51,53,33,6
5,Female,1,Canada,Mixed-Black/Asian,25,43,38,39,53,6
3,Female,5,Canada,Mixed-Black/Asian,40,33,40,50,35,6
3,Female,0,Canada,Mixed-Black/Asian,51,16,37,45,34,6
4,Female,5,Canada,Mixed-Black/Asian,34,44,54,48,51,5
3,Female,4,Canada,Mixed-Black/Asian,28,37,37,49,42,5
4,Male,0,New Zealand,Mixed-Black/Asian,35,28,24,38,46,6
2,Female,5,Canada,Mixed-Black/Asian,41,31,46,43,25,5
2,Male,2,Canada,Mixed-Black/Asian,36,29,41,45,50,5
3,Female,0,Canada,Mixed-Black/Asian,24,51,52,49,53,6
3,Female,0,Canada,Mixed-Black/Asian,39,34,37,33,37,6
2,Male,0,Australia,Mixed-Black/Asian,25,34,47,39,42,5
2,Female,5,Canada,Mixed-Black/Asian,28,31,46,46,42,6
0,Female,5,Canada,Mixed-Black/Asian,40,38,48,51,41,6
2,Female,5,UK,Mixed-White/Asian,46,44,52,23,36,5
5,Female,1,Canada,Mixed-Black/Asian,33,34,28,41,36,6
2,Female,5,Canada,Mixed-Black/Asian,33,36,45,43,30,5
4,Female,1,UK,Mixed-Black/Asian,39,42,53,44,37,4
3,Female,5,Canada,Mixed-Black/Asian,22,48,48,43,47,5
5,Male,3,Canada,Mixed-Black/Asian,33,33,38,38,45,6
2,Female,2,Canada,Mixed-Black/Asian,36,37,46,29,47,6
2,Male,5,Canada,Mixed-Black/Asian,44,40,53,54,39,6
2,Female,2,Canada,Mixed-Black/Asian,34,33,37,43,37,4
2,Female,3,Canada,Mixed-Black/Asian,27,36,44,42,34,6
1,Female,5,Canada,Mixed-White/Asian,26,49,49,51,48,5
1,Male,5,Canada,Mixed-Black/Asian,31,43,54,49,52,6
3,Male,4,New Zealand,Mixed-Black/Asian,39,44,38,45,51,4
3,Female,2,Canada,Mixed-Black/Asian,19,45,48,49,49,4
3,Female,0,Canada,Mixed-Black/Asian,37,34,44,42,37,6
1,Male,2,Canada,Other,44,36,32,37,44,6
2,Female,2,Canada,Mixed-Black/Asian,46,39,45,35,42,6
3,Female,3,New Zealand,Mixed-Black/Asian,47,46,42,37,27,6
4,Male,5,Canada,Mixed-Black/Asian,34,40,36,45,36,5
3,Female,2,Canada,Mixed-Black/Asian,23,39,53,45,44,5
4,Female,0,Canada,Mixed-Black/Asian,36,47,42,36,33,6
4,Male,3,Canada,Mixed-Black/Asian,36,35,38,40,39,6
2,Male,4,Canada,Mixed-Black/Asian,36,40,34,43,44,6
1,Male,5,Canada,Mixed-Black/Asian,30,44,32,45,47,3
3,Female,0,Canada,Mixed-Black/Asian,38,44,46,40,39,5
3,Female,5,Canada,Mixed-Black/Asian,31,31,37,32,41,6
1,Male,0,Canada,Mixed-Black/Asian,49,42,48,41,40,6
3,Female,2,Canada,Black,18,50,54,44,50,5
1,Female,5,Canada,Mixed-Black/Asian,30,30,33,34,45,5
3,Female,5,Canada,Mixed-Black/Asian,46,38,41,39,42,5
3,Female,0,Canada,Mixed-Black/Asian,22,43,53,40,48,5
2,Female,4,Canada,Mixed-Black/Asian,43,43,40,50,46,6
3,Female,0,Canada,Mixed-Black/Asian,26,35,38,51,45,5
1,Female,2,Canada,Mixed-Black/Asian,32,38,53,37,41,5
2,Female,3,Australia,Mixed-Black/Asian,27,40,48,42,40,6
3,Male,0,Canada,Mixed-Black/Asian,35,35,34,45,42,6
1,Female,4,Canada,Mixed-Black/Asian,32,38,47,30,40,6
3,Male,0,New Zealand,Mixed-Black/Asian,31,47,44,50,43,6
3,Female,0,Canada,Mixed-Black/Asian,22,46,46,46,48,5
3,Female,3,Canada,Mixed-Black/Asian,29,36,44,45,49,6
5,Male,0,Canada,Mixed-Black/Asian,25,27,26,33,44,6
1,Female,5,Canada,Mixed-Black/Asian,34,41,35,38,39,6
3,Male,0,New Zealand,Mixed-Black/Asian,32,35,35,46,46,5
2,Female,5,Canada,Mixed-Black/Asian,37,28,42,35,39,5
2,Female,4,Canada,Mixed-Black/Asian,28,34,31,32,25,5
2,Female,3,Canada,Mixed-Black/Asian,32,34,32,50,37,6
5,Male,0,New Zealand,Mixed-Black/Asian,36,42,49,42,51,5
4,Male,5,Canada,Mixed-Black/Asian,28,31,46,37,41,6
4,Female,2,New Zealand,Mixed-Black/Asian,19,49,39,47,51,6
4,Male,0,Canada,Other,46,33,38,52,29,6
3,Female,0,Canada,Mixed-Black/Asian,32,41,44,41,41,4
1,Male,0,Canada,Mixed-Black/Asian,31,40,35,44,45,6
2,Female,4,Canada,Mixed-Black/Asian,43,39,38,44,41,5
4,Female,0,Canada,Mixed-Black/Asian,27,41,43,41,44,5
2,Male,4,Canada,Mixed-Black/Asian,39,26,36,38,38,6
2,Male,2,Canada,Mixed-Black/Asian,45,36,48,39,40,5
2,Male,2,Canada,Mixed-Black/Asian,49,42,51,45,36,6
2,Female,3,New Zealand,Mixed-Black/Asian,40,37,51,45,47,0
1,Female,0,Canada,Mixed-Black/Asian,22,38,43,45,42,6
5,Male,0,Canada,Mixed-Black/Asian,34,34,39,48,45,6
3,Female,2,Canada,Mixed-Black/Asian,29,36,39,47,41,5
3,Female,2,Canada,Mixed-Black/Asian,31,42,53,32,49,6
2,Male,5,New Zealand,Mixed-Black/Asian,37,32,48,42,47,6
3,Male,2,Canada,Mixed-Black/Asian,31,44,44,39,33,5
2,Female,0,New Zealand,Mixed-Black/Asian,25,37,46,39,48,4
1,Male,5,Canada,Mixed-Black/Asian,29,58,51,49,52,5
1,Female,2,Australia,Mixed-Black/Asian,26,55,50,33,39,5
3,Male,0,USA,Mixed-Black/Asian,30,43,34,42,48,5
3,Female,0,Canada,Mixed-Black/Asian,30,48,55,34,42,4
3,Male,3,New Zealand,Mixed-Black/Asian,36,44,44,41,43,6
1,Male,4,New Zealand,Mixed-Black/Asian,27,41,45,50,46,6
2,Female,3,Canada,Mixed-Black/Asian,18,43,33,38,54,6
1,Male,4,Canada,Mixed-Black/Asian,46,38,33,45,39,5
2,Male,0,Canada,Mixed-Black/Asian,37,40,37,38,46,6
1,Male,5,Canada,Mixed-Black/Asian,31,53,47,44,47,6
3,Male,4,Canada,Mixed-Black/Asian,28,43,36,37,38,6
3,Female,2,Canada,Black,34,42,47,41,41,6
1,Female,2,Canada,Mixed-Black/Asian,39,32,40,39,37,0
1,Male,5,Canada,Mixed-Black/Asian,25,42,52,35,36,6
3,Male,3,Canada,Mixed-Black/Asian,36,44,48,44,47,4
2,Female,4,Canada,Mixed-Black/Asian,17,52,55,38,31,4
1,Male,3,New Zealand,Mixed-Black/Asian,38,36,40,45,49,5
2,Female,3,New Zealand,Mixed-Black/Asian,42,36,47,31,39,6
1,Male,5,Canada,Mixed-Black/Asian,51,45,55,44,33,5
2,Male,4,UK,Mixed-Black/Asian,53,26,29,50,44,6
2,Male,5,Canada,Mixed-Black/Asian,32,44,39,45,51,5
1,Male,2,Canada,Mixed-Black/Asian,26,44,39,36,47,6
2,Male,3,Canada,Mixed-Black/Asian,50,31,35,29,36,5
4,Female,2,Canada,Mixed-Black/Asian,38,41,45,41,35,3
1,Male,5,Canada,Mixed-Black/Asian,38,35,43,43,43,5
3,Female,0,Canada,Mixed-Black/Asian,32,52,48,46,46,5
4,Female,5,Canada,Mixed-Black/Asian,31,48,49,44,49,6
3,Female,5,Canada,Mixed-Black/Asian,25,44,38,40,42,5
3,Male,0,Canada,Mixed-Black/Asian,32,34,40,45,48,5
2,Female,0,Canada,Black,36,44,47,44,44,3
3,Male,2,Canada,Mixed-Black/Asian,28,46,38,49,45,5
3,Male,0,Canada,Mixed-Black/Asian,45,42,36,46,55,4
3,Male,0,Canada,Mixed-White/Asian,22,39,37,57,46,5
2,Male,0,Republic of Ireland,Mixed-Black/Asian,33,36,42,42,44,6
2,Female,2,Canada,Mixed-Black/Asian,35,41,48,42,43,5
1,Male,2,Canada,Mixed-White/Black,60,29,44,47,37,6
2,Male,0,Canada,Mixed-Black/Asian,21,50,42,54,52,5
3,Male,5,Canada,Mixed-Black/Asian,34,38,34,54,52,5
3,Male,5,Canada,Mixed-Black/Asian,25,50,48,48,45,5
4,Female,5,Canada,Mixed-Black/Asian,31,34,47,45,48,6
3,Female,0,Canada,Mixed-Black/Asian,35,42,42,49,40,5
1,Male,5,Canada,Black,54,42,55,49,40,5
2,Male,0,Canada,Mixed-Black/Asian,28,44,38,51,46,5
2,Female,0,Canada,Mixed-Black/Asian,31,38,37,45,41,6
2,Female,3,Canada,Asian,21,48,42,51,54,6
3,Female,3,New Zealand,Mixed-Black/Asian,37,32,43,35,42,5
3,Male,5,Canada,Mixed-Black/Asian,31,41,38,56,47,5
4,Female,3,Canada,Mixed-Black/Asian,38,31,45,40,40,5
2,Female,2,Canada,Asian,30,43,41,44,48,6
2,Male,3,Canada,Mixed-Black/Asian,35,32,28,37,44,6
3,Male,5,Canada,Mixed-Black/Asian,28,52,41,55,52,6
2,Male,4,Canada,Mixed-Black/Asian,33,48,47,47,49,6
2,Male,5,Canada,Mixed-Black/Asian,41,28,33,46,35,6
1,Male,5,Canada,Mixed-Black/Asian,31,29,41,39,37,4
1,Female,5,Canada,Mixed-Black/Asian,29,46,34,48,47,6
0,Male,4,Canada,Mixed-Black/Asian,59,30,51,40,46,6
2,Male,5,Canada,Asian,42,30,37,45,40,6
2,Male,4,Canada,Mixed-Black/Asian,48,40,44,50,43,6
1,Female,0,Canada,Mixed-Black/Asian,26,47,33,40,47,6
2,Male,5,USA,Mixed-Black/Asian,33,41,44,41,45,6
3,Male,4,Canada,Asian,31,36,42,44,44,3
3,Female,2,Australia,Mixed-Black/Asian,46,45,49,42,44,6
2,Female,5,Canada,Asian,29,42,40,54,39,5
1,Male,5,Other,Mixed-Black/Asian,38,40,45,53,48,6
1,Male,4,Canada,Mixed-Black/Asian,53,40,44,49,43,6
1,Male,0,Canada,Mixed-Black/Asian,37,42,35,52,49,6
3,Female,2,Canada,Mixed-Black/Asian,33,38,44,40,52,5
0,Female,4,Canada,Mixed-Black/Asian,50,31,51,27,27,5
1,Male,3,Canada,Asian,36,40,39,40,48,6
1,Male,5,Canada,Mixed-Black/Asian,38,48,37,41,33,6
0,Male,0,Canada,Mixed-Black/Asian,32,40,36,47,41,5
3,Female,0,Canada,Mixed-Black/Asian,49,38,44,44,41,5
2,Female,2,Canada,Mixed-Black/Asian,32,46,58,48,36,6
3,Male,3,Canada,Mixed-Black/Asian,41,36,43,40,47,6
2,Male,5,Canada,Mixed-Black/Asian,46,44,54,44,44,5
2,Male,3,Canada,Mixed-Black/Asian,46,36,30,48,30,5
4,Male,5,Canada,Mixed-Black/Asian,42,40,49,51,43,6
2,Male,5,Canada,Mixed-White/Asian,34,36,40,35,38,4
2,Male,5,Canada,Mixed-Black/Asian,50,40,37,37,49,4
3,Male,5,Canada,Mixed-Black/Asian,44,33,43,48,41,6
2,Male,3,Canada,Mixed-Black/Asian,40,39,39,50,37,4
3,Male,3,Canada,Mixed-Black/Asian,39,44,35,45,48,5
1,Female,0,Canada,Mixed-Black/Asian,24,37,44,47,48,5
2,Male,4,Canada,Mixed-Black/Asian,39,45,44,51,47,4
0,Male,5,Canada,Mixed-Black/Asian,54,37,48,38,48,5
4,Female,0,Canada,Mixed-Black/Asian,36,34,39,47,44,5
2,Male,5,New Zealand,Mixed-Black/Asian,39,44,46,48,41,5
2,Male,2,Canada,Mixed-Black/Asian,29,49,47,45,53,4
4,Male,0,Canada,Mixed-Black/Asian,28,34,32,50,46,5
3,Male,0,Canada,Mixed-Black/Asian,40,30,31,47,40,6
0,Male,2,Canada,Mixed-Black/Asian,32,40,43,44,47,4
4,Male,3,Canada,Mixed-Black/Asian,23,40,40,47,40,5
0,Female,5,Canada,Mixed-White/Black,32,48,38,47,38,5
1,Male,3,New Zealand,Mixed-Black/Asian,28,38,45,45,38,4
3,Male,5,Canada,Mixed-Black/Asian,39,32,43,44,43,5
1,Male,5,New Zealand,Mixed-White/Black,27,48,46,43,45,5
4,Male,5,Canada,Mixed-Black/Asian,42,42,51,41,48,4
0,Female,5,Canada,Asian,30,42,42,51,35,4
4,Male,5,Canada,Mixed-Black/Asian,32,43,41,37,38,5
1,Male,3,Canada,Mixed-Black/Asian,35,43,50,48,42,6
3,Male,3,Canada,Mixed-Black/Asian,31,54,51,54,50,5
0,Male,5,Canada,Mixed-Black/Asian,30,41,40,50,51,6
2,Female,2,Canada,Mixed-White/Asian,34,33,42,34,50,6
2,Male,5,Canada,Mixed-Black/Asian,29,48,43,49,49,2
5,Female,1,Canada,Mixed-Black/Asian,22,32,29,37,37,5
1,Male,5,Canada,Mixed-Black/Asian,34,46,54,43,44,5
2,Male,0,Canada,Mixed-Black/Asian,34,47,48,37,34,6
0,Male,5,Canada,Mixed-Black/Asian,35,48,50,44,45,6
2,Male,3,Canada,Mixed-Black/Asian,29,43,42,47,41,3
2,Male,5,Canada,Mixed-Black/Asian,37,40,45,41,42,5
1,Female,2,Canada,Black,23,43,53,40,49,4
1,Male,4,Canada,Mixed-Black/Asian,43,41,36,43,32,5
3,Male,0,Canada,Mixed-Black/Asian,29,36,38,50,48,4
1,Male,3,Canada,Mixed-Black/Asian,37,44,40,54,46,5
3,Male,3,Republic of Ireland,Mixed-Black/Asian,41,39,37,49,43,6
1,Male,3,Canada,Mixed-Black/Asian,34,47,49,51,50,6
1,Male,5,New Zealand,Mixed-Black/Asian,51,38,41,50,39,4
1,Male,3,Canada,Mixed-Black/Asian,38,47,48,52,42,5
2,Female,3,Canada,Mixed-Black/Asian,48,45,49,52,29,6
1,Male,2,Australia,Mixed-Black/Asian,39,47,40,36,47,6
2,Male,4,Canada,Mixed-Black/Asian,32,36,47,50,44,5
0,Male,5,Canada,Mixed-Black/Asian,44,38,48,43,43,5
1,Male,5,Canada,Mixed-Black/Asian,34,43,43,38,48,6
2,Male,5,Canada,Mixed-Black/Asian,33,44,51,50,44,5
4,Female,5,Canada,Mixed-Black/Asian,25,47,44,50,48,6
3,Male,5,Canada,Mixed-Black/Asian,31,49,48,46,47,6
2,Male,5,Canada,Mixed-Black/Asian,24,44,52,40,44,5
3,Male,5,Canada,Mixed-Black/Asian,31,43,41,52,51,6
0,Female,4,Canada,Mixed-Black/Asian,38,46,39,39,46,6
3,Female,2,Canada,Mixed-Black/Asian,29,42,46,38,41,6
3,Male,5,Canada,Mixed-Black/Asian,26,49,47,49,52,6
2,Male,3,Canada,Mixed-Black/Asian,46,23,33,47,45,6
5,Male,2,Canada,Mixed-Black/Asian,37,32,43,40,44,5
1,Male,5,Canada,Mixed-Black/Asian,36,48,46,44,47,6
3,Female,5,Canada,Mixed-Black/Asian,29,45,36,49,44,4
1,Male,5,Canada,Mixed-Black/Asian,40,46,46,37,52,6
1,Male,3,Canada,Mixed-Black/Asian,36,46,37,56,54,6
1,Male,2,Canada,Mixed-Black/Asian,50,42,45,46,45,6
1,Male,0,Canada,Mixed-Black/Asian,45,39,30,45,50,6
0,Male,0,Canada,Mixed-Black/Asian,41,39,41,39,44,6
3,Male,3,Canada,Mixed-Black/Asian,20,44,51,53,44,5
2,Male,2,Canada,Mixed-Black/Asian,42,31,46,53,56,6
1,Male,0,Australia,Mixed-Black/Asian,55,31,40,48,34,6
0,Male,4,Canada,Mixed-Black/Asian,50,29,24,48,35,5
1,Male,5,Canada,Mixed-Black/Asian,30,47,51,49,48,4
2,Female,5,Canada,Mixed-Black/Asian,54,29,45,50,20,6
1,Male,4,Canada,Mixed-Black/Asian,33,33,34,33,31,6
1,Male,3,Canada,Mixed-Black/Asian,49,35,37,46,37,5
3,Female,2,Canada,Mixed-Black/Asian,27,38,38,47,52,5
3,Male,0,Canada,Mixed-Black/Asian,16,41,44,55,53,5
3,Male,3,Canada,Mixed-Black/Asian,47,42,45,49,49,6
3,Female,5,Canada,Mixed-Black/Asian,31,41,44,40,51,6
2,Male,5,Canada,Mixed-Black/Asian,42,33,41,42,47,5
0,Male,2,Canada,Mixed-Black/Asian,23,46,42,56,54,4
3,Male,0,Canada,Mixed-Black/Asian,28,41,48,43,48,5
1,Female,3,Canada,Mixed-Black/Asian,49,35,41,37,40,4
2,Male,2,Canada,Mixed-Black/Asian,25,51,53,51,47,6
0,Male,4,Canada,Mixed-Black/Asian,31,44,44,48,48,5
2,Female,0,Canada,Mixed-Black/Asian,36,40,52,25,40,6
5,Female,0,Canada,Mixed-Black/Asian,41,39,43,33,53,0
5,Female,3,Canada,Mixed-Black/Asian,26,38,48,46,47,5
3,Male,3,Canada,Mixed-Black/Asian,31,46,58,37,42,5
4,Female,5,Canada,Mixed-Black/Asian,29,37,51,43,41,6
3,Female,2,Canada,Black,27,45,44,49,44,4
4,Male,1,Canada,Mixed-Black/Asian,26,40,46,53,49,6
0,Male,5,Canada,Mixed-Black/Asian,31,41,46,47,46,5
2,Male,5,Canada,Asian,33,40,43,43,42,6
4,Female,5,Canada,Mixed-Black/Asian,25,39,45,45,47,6
2,Female,3,Canada,Asian,27,49,37,40,42,5
3,Male,2,Canada,Mixed-Black/Asian,26,51,50,46,54,6
2,Male,2,Canada,Asian,27,41,40,38,43,4
3,Male,2,Canada,Mixed-Black/Asian,17,53,56,48,47,6
3,Male,2,Canada,Mixed-Black/Asian,43,35,49,45,31,5
4,Female,0,Canada,Mixed-Black/Asian,26,40,46,45,42,6
1,Male,5,Canada,Mixed-Black/Asian,38,41,38,45,44,6
2,Female,2,Canada,Mixed-Black/Asian,38,46,47,37,46,4
2,Male,2,Canada,Mixed-Black/Asian,40,37,47,46,52,4
4,Female,0,Canada,Mixed-Black/Asian,27,43,42,41,38,3
1,Female,4,Canada,Mixed-Black/Asian,26,49,53,48,41,5
3,Male,5,Canada,Mixed-Black/Asian,33,37,44,48,42,5
3,Female,2,Canada,Mixed-Black/Asian,24,45,48,46,45,6
4,Female,2,Canada,Mixed-Black/Asian,35,41,51,43,35,6
3,Male,4,Canada,Mixed-Black/Asian,36,38,30,42,41,6
3,Male,2,Canada,Mixed-Black/Asian,35,40,47,49,48,5
3,Female,5,Canada,Mixed-Black/Asian,27,50,47,41,47,5
2,Female,3,Australia,Mixed-Black/Asian,25,34,51,40,44,5
2,Female,5,Canada,Mixed-Black/Asian,27,48,41,41,44,4
3,Male,5,Canada,Mixed-Black/Asian,38,30,45,34,41,6
3,Female,2,Canada,Mixed-Black/Asian,39,42,43,46,35,6
1,Female,4,Canada,Mixed-Black/Asian,42,42,41,41,42,6
1,Male,2,Canada,Mixed-Black/Asian,19,44,41,53,49,5
2,Male,3,Canada,Asian,27,46,40,52,48,6
2,Male,4,Canada,Mixed-Black/Asian,42,32,49,38,39,5
3,Male,3,Canada,Mixed-Black/Asian,35,39,42,39,45,3
1,Male,3,Canada,Mixed-Black/Asian,47,40,45,38,39,6
0,Male,0,Canada,Mixed-Black/Asian,32,43,45,39,41,6
2,Female,3,Canada,Mixed-Black/Asian,49,37,47,43,42,6
5,Male,0,Canada,Mixed-Black/Asian,44,34,47,42,49,6
2,Male,5,Canada,Mixed-Black/Asian,37,38,36,53,45,5
2,Male,3,UK,Mixed-Black/Asian,44,33,45,46,46,5
1,Male,4,UK,Mixed-Black/Asian,33,37,35,44,46,6
2,Male,0,Canada,Mixed-Black/Asian,41,37,41,47,48,6
4,Male,3,Canada,Mixed-Black/Asian,34,44,46,38,39,5
3,Male,5,Canada,Mixed-Black/Asian,32,40,37,42,48,6
3,Male,5,Canada,Mixed-Black/Asian,26,22,37,53,43,4
2,Female,2,Canada,Mixed-Black/Asian,38,31,40,36,47,6
3,Female,2,Canada,Mixed-Black/Asian,31,36,41,50,47,5
2,Male,0,Canada,Mixed-Black/Asian,21,45,45,43,52,5
2,Female,2,Canada,Mixed-Black/Asian,28,41,45,47,45,6
3,Male,5,Canada,Mixed-Black/Asian,24,39,40,44,46,6
0,Male,0,Canada,Mixed-Black/Asian,47,36,32,41,41,6
3,Male,2,Canada,Mixed-Black/Asian,32,40,43,45,43,6
1,Male,2,Canada,Mixed-Black/Asian,36,51,48,47,50,5
0,Male,0,Republic of Ireland,Mixed-Black/Asian,30,41,41,44,41,4
3,Male,0,Canada,Mixed-Black/Asian,28,45,50,43,45,4
4,Male,5,Canada,Mixed-Black/Asian,31,45,53,40,36,6
2,Female,5,Canada,Asian,28,52,39,43,49,4
1,Male,3,Canada,Mixed-Black/Asian,36,40,41,45,48,5
3,Male,0,Canada,Mixed-White/Asian,39,38,37,42,46,6
3,Male,5,Canada,Mixed-Black/Asian,43,38,42,36,41,5
2,Male,4,Canada,Mixed-Black/Asian,41,38,39,54,52,6
0,Male,5,Canada,Mixed-Black/Asian,28,43,49,49,43,6
3,Female,0,Canada,Mixed-Black/Asian,45,32,34,45,36,5
1,Male,0,Canada,Mixed-Black/Asian,38,40,55,37,48,5
2,Male,3,Canada,Mixed-Black/Asian,28,48,45,49,55,6
2,Female,0,Canada,Mixed-Black/Asian,30,28,32,49,45,5
3,Female,2,Canada,Mixed-Black/Asian,20,50,46,53,50,5
1,Male,3,Canada,Mixed-Black/Asian,38,38,37,50,38,6
3,Female,3,Canada,Mixed-Black/Asian,32,43,39,46,41,5
3,Male,3,Canada,Mixed-Black/Asian,26,43,41,48,47,5
2,Female,1,Canada,Mixed-Black/Asian,33,37,39,40,46,6
4,Male,0,New Zealand,Mixed-Black/Asian,31,37,35,49,47,0
0,Male,4,Canada,Mixed-Black/Asian,59,26,40,46,28,6
5,Female,4,New Zealand,Mixed-Black/Asian,24,37,39,44,43,6
5,Male,0,New Zealand,Mixed-Black/Asian,34,39,36,34,42,6
1,Male,2,Canada,Mixed-Black/Asian,40,36,50,46,34,5
3,Male,2,Canada,Asian,42,41,45,43,50,0
3,Male,3,New Zealand,Mixed-Black/Asian,30,42,53,31,45,6
2,Female,0,Canada,Mixed-Black/Asian,20,48,48,48,51,4
3,Male,3,Canada,Mixed-Black/Asian,34,38,42,49,47,5
2,Male,2,Canada,Mixed-Black/Asian,31,47,52,45,45,5
4,Male,3,Canada,Mixed-Black/Asian,21,46,44,49,53,6
4,Male,3,Canada,Mixed-Black/Asian,42,40,46,42,46,6
0,Male,1,Canada,Mixed-Black/Asian,38,39,46,42,39,5
2,Male,2,Canada,Mixed-Black/Asian,20,41,55,54,49,5
2,Male,5,Canada,Mixed-Black/Asian,36,43,45,49,44,6
3,Male,5,Canada,Mixed-Black/Asian,34,51,56,57,44,5
3,Female,2,Canada,Mixed-Black/Asian,27,45,46,43,45,6
3,Female,3,Canada,Asian,30,42,43,42,44,6
3,Female,5,Canada,Mixed-Black/Asian,41,35,42,44,41,5
2,Male,4,Canada,Mixed-Black/Asian,46,36,52,51,37,5
2,Female,3,Canada,Mixed-Black/Asian,40,41,46,40,38,4
3,Female,5,Canada,Mixed-Black/Asian,34,35,49,48,31,5
1,Female,0,Canada,Mixed-Black/Asian,31,40,45,39,45,5
2,Female,3,Canada,Mixed-Black/Asian,38,39,46,45,40,5
1,Female,1,Canada,Mixed-Black/Asian,42,40,54,54,48,6
3,Female,5,Canada,Mixed-Black/Asian,25,39,37,52,45,5
2,Female,0,Canada,Mixed-Black/Asian,57,31,39,31,29,5
2,Female,4,Canada,Mixed-Black/Asian,40,34,52,44,39,6
1,Male,4,Canada,Mixed-Black/Asian,30,50,50,44,45,5
3,Male,5,Canada,Mixed-Black/Asian,41,45,46,44,41,5
2,Male,3,Canada,Mixed-Black/Asian,42,44,53,49,50,4
3,Female,5,Canada,Mixed-Black/Asian,40,42,45,47,45,5
3,Male,3,Canada,Mixed-Black/Asian,48,39,37,48,45,6
2,Male,0,Canada,Mixed-Black/Asian,40,39,47,43,38,4
3,Female,3,Canada,Black,34,40,42,40,32,4
2,Male,5,Canada,Black,26,43,45,42,46,5
3,Male,5,Canada,Mixed-Black/Asian,25,43,48,46,44,5
1,Female,3,Canada,Mixed-Black/Asian,35,33,34,44,47,5
1,Male,5,Canada,Mixed-Black/Asian,48,42,48,48,37,5
0,Female,0,New Zealand,Mixed-Black/Asian,38,42,47,37,40,0
2,Male,5,Canada,Mixed-Black/Asian,46,54,56,34,45,6
0,Male,4,Canada,Mixed-Black/Asian,45,46,38,47,44,5
3,Female,5,Canada,Mixed-Black/Asian,32,27,51,37,43,5
4,Male,2,Canada,Mixed-Black/Asian,33,48,52,53,49,6
5,Female,3,Canada,Mixed-Black/Asian,37,41,48,34,51,4
3,Male,2,Canada,Mixed-Black/Asian,27,40,41,44,48,5
1,Male,5,Canada,Mixed-Black/Asian,31,36,34,46,38,5
1,Female,2,Australia,Mixed-Black/Asian,44,33,50,47,47,4
3,Male,3,Canada,Mixed-Black/Asian,44,37,51,43,44,6
2,Female,5,Canada,Mixed-Black/Asian,31,47,44,39,43,5
2,Female,0,Australia,Mixed-Black/Asian,32,36,38,37,36,6
2,Male,2,Australia,Mixed-Black/Asian,28,41,45,41,47,6
3,Male,5,Canada,Mixed-Black/Asian,37,38,43,50,47,6
3,Male,5,Canada,Asian,33,41,39,48,46,4
1,Female,3,Canada,Mixed-Black/Asian,30,37,29,44,39,6
3,Female,0,Canada,Mixed-Black/Asian,19,43,38,53,46,6
1,Female,5,Canada,Asian,24,42,42,34,54,5
2,Female,3,Canada,Mixed-Black/Asian,37,38,47,42,40,6
1,Female,0,Canada,Mixed-Black/Asian,30,42,45,44,46,6
2,Male,4,Canada,Mixed-Black/Asian,29,37,48,44,42,6
1,Male,5,Canada,Mixed-Black/Asian,42,40,47,45,43,5
2,Male,0,Canada,Mixed-Black/Asian,31,42,42,43,49,6
1,Male,3,Canada,Mixed-Black/Asian,28,39,30,39,51,6
1,Female,3,Canada,Mixed-Black/Asian,23,44,45,38,53,6
2,Female,5,Canada,Mixed-Black/Asian,38,48,43,33,36,5
2,Male,5,Canada,Mixed-Black/Asian,20,44,39,41,46,5
3,Female,3,Canada,Mixed-Black/Asian,37,43,40,33,45,5
1,Male,2,Canada,Mixed-Black/Asian,28,42,48,34,48,3
3,Female,2,Canada,Mixed-Black/Asian,27,48,55,49,46,6
1,Male,0,Canada,Mixed-Black/Asian,34,39,32,47,47,6
3,Female,0,Canada,Mixed-Black/Asian,37,32,43,32,37,6
0,Female,4,Canada,Mixed-Black/Asian,27,35,44,39,32,6
0,Female,5,Canada,Mixed-Black/Asian,23,44,44,38,39,5
3,Female,0,Canada,Mixed-Black/Asian,45,39,45,42,44,6
0,Male,1,Canada,Mixed-Black/Asian,37,50,57,51,42,6
3,Male,5,Canada,Mixed-Black/Asian,53,33,56,43,39,6
2,Female,0,Canada,Mixed-White/Asian,49,39,44,41,37,2
1,Female,5,Canada,Mixed-Black/Asian,29,41,50,44,40,6
2,Male,3,UK,Mixed-Black/Asian,22,45,51,45,46,6
3,Female,0,Canada,Mixed-Black/Asian,46,30,49,49,31,6
2,Male,4,Australia,Mixed-Black/Asian,31,29,48,44,29,6
1,Male,5,Canada,Mixed-Black/Asian,37,47,39,46,40,6
2,Female,4,Canada,Mixed-Black/Asian,36,39,51,44,39,5
2,Male,4,Canada,Mixed-Black/Asian,20,42,38,42,37,4
0,Female,0,Canada,Mixed-Black/Asian,30,32,42,29,56,6
0,Female,4,Canada,Mixed-Black/Asian,35,35,48,28,32,5
1,Female,4,Canada,Mixed-Black/Asian,28,46,47,36,37,4
1,Male,0,Canada,Mixed-Black/Asian,39,40,53,40,45,5
1,Female,5,Canada,Mixed-Black/Asian,42,41,45,41,43,6
0,Female,0,Canada,Mixed-Black/Asian,39,45,46,37,49,4
1,Female,4,Canada,Mixed-Black/Asian,39,27,36,41,39,6
2,Female,3,Canada,Mixed-Black/Asian,28,39,46,54,37,6
2,Male,5,Canada,Mixed-White/Black,26,45,41,51,48,6
3,Male,0,UK,Mixed-Black/Asian,41,40,56,49,42,6
2,Female,5,Canada,Mixed-Black/Asian,32,38,47,41,29,5
3,Female,0,Canada,Mixed-Black/Asian,38,40,44,42,42,4
2,Female,5,Australia,Mixed-Black/Asian,42,34,45,34,41,5
1,Male,0,Canada,Mixed-Black/Asian,27,39,31,45,47,6
1,Female,1,Canada,Mixed-Black/Asian,38,33,36,38,40,6
1,Male,0,Canada,Mixed-Black/Asian,36,42,39,49,34,5
1,Female,5,Canada,Mixed-Black/Asian,33,38,34,45,43,5
3,Male,0,Canada,Mixed-Black/Asian,38,52,38,51,41,4
0,Male,5,Canada,Mixed-Black/Asian,34,46,35,56,52,6
1,Male,5,Canada,Mixed-Black/Asian,36,43,38,47,53,6
4,Female,4,UK,Mixed-Black/Asian,29,38,53,54,47,5
3,Female,0,Canada,Mixed-Black/Asian,23,43,48,37,45,4
1,Male,5,UK,Mixed-Black/Asian,59,37,40,31,26,6
0,Male,4,UK,Mixed-Black/Asian,49,38,48,42,28,6
2,Male,5,Canada,Mixed-Black/Asian,31,43,42,48,53,6
0,Male,4,Canada,Mixed-Black/Asian,29,49,31,43,46,6
1,Male,2,Canada,Mixed-Black/Asian,27,40,48,42,42,6
2,Female,0,Canada,Mixed-Black/Asian,40,44,41,38,40,6
3,Male,3,Canada,Mixed-Black/Asian,31,45,50,44,47,6
3,Male,5,Canada,Mixed-Black/Asian,46,33,42,37,45,5
1,Male,5,Canada,Mixed-Black/Asian,38,32,49,58,37,5
1,Female,2,Canada,Mixed-Black/Asian,36,39,40,38,33,6
0,Male,4,Canada,Mixed-Black/Asian,47,49,53,31,35,5
0,Female,5,Canada,Mixed-Black/Asian,32,44,49,41,47,6
0,Male,5,Canada,Mixed-Black/Asian,43,39,40,47,34,4
0,Male,2,Canada,Mixed-Black/Asian,25,45,40,42,47,5
2,Male,5,Canada,Mixed-Black/Asian,34,39,47,44,48,6
1,Female,5,Canada,Mixed-Black/Asian,48,27,44,44,45,5
3,Female,0,Canada,Mixed-Black/Asian,34,36,52,38,40,6
0,Male,5,Canada,Mixed-Black/Asian,44,34,51,38,22,5
2,Female,5,Canada,Mixed-Black/Asian,51,37,48,28,37,6
2,Male,2,Canada,Mixed-Black/Asian,31,36,47,47,47,6
0,Male,5,Canada,Mixed-Black/Asian,42,40,47,47,43,6
1,Female,2,Canada,Mixed-Black/Asian,45,48,57,26,39,6
0,Male,5,Canada,Mixed-Black/Asian,48,30,54,31,44,6
0,Female,4,Canada,Mixed-Black/Asian,50,30,28,54,32,4
2,Female,4,Canada,Mixed-Black/Asian,44,43,55,44,24,6
3,Female,0,Canada,Mixed-Black/Asian,46,33,42,52,32,3
0,Male,5,Canada,Mixed-Black/Asian,39,34,53,48,48,5
0,Male,2,Canada,Mixed-Black/Asian,49,32,46,40,39,6
0,Male,5,Canada,Black,39,44,53,50,40,5
3,Female,5,Canada,Mixed-Black/Asian,38,40,54,43,51,5
2,Female,5,Canada,Mixed-Black/Asian,35,41,41,41,43,6
1,Female,5,Canada,Mixed-Black/Asian,25,51,55,48,42,5
3,Male,0,UK,Mixed-Black/Asian,59,28,36,53,26,6
0,Male,5,Canada,Mixed-Black/Asian,37,45,48,42,47,6
0,Female,2,Canada,Other,27,55,53,50,55,5
0,Male,1,Canada,Mixed-Black/Asian,39,40,45,51,42,5
2,Male,4,UK,Mixed-Black/Asian,49,40,43,38,38,5
4,Male,5,Canada,Mixed-White/Black,33,46,47,42,45,5
3,Male,5,UK,Mixed-Black/Asian,25,46,43,48,48,4
2,Female,5,Canada,Mixed-Black/Asian,52,33,50,31,39,3
2,Male,3,Canada,Mixed-Black/Asian,50,35,41,35,32,5
1,Male,5,Canada,Mixed-Black/Asian,40,45,44,49,46,6
1,Male,2,USA,Mixed-Black/Asian,40,37,55,52,44,5
0,Female,4,UK,Mixed-Black/Asian,47,34,45,34,37,4
2,Male,5,USA,Mixed-Black/Asian,46,41,48,42,46,5
2,Female,4,Canada,Mixed-Black/Asian,29,39,48,44,52,2
1,Male,5,Canada,Mixed-Black/Asian,48,43,55,45,48,5
2,Male,0,Canada,Mixed-Black/Asian,30,46,42,48,40,6
3,Male,0,Canada,Mixed-Black/Asian,31,42,35,50,36,5
1,Female,0,Australia,Mixed-Black/Asian,50,28,53,38,31,4
2,Male,0,UK,Mixed-Black/Asian,53,27,54,36,44,6
1,Female,0,Canada,Mixed-Black/Asian,40,30,47,48,39,6
0,Female,1,Canada,Mixed-Black/Asian,54,30,48,30,29,4
0,Female,4,Canada,Mixed-Black/Asian,26,47,52,34,31,5
3,Male,3,Canada,Mixed-Black/Asian,42,45,49,41,36,5
0,Female,0,Canada,Mixed-Black/Asian,27,43,49,47,42,4
0,Female,3,Canada,Mixed-Black/Asian,41,36,52,43,44,5
0,Female,4,Canada,Mixed-Black/Asian,43,28,52,35,29,5
0,Female,3,Australia,Mixed-White/Asian,25,37,49,47,43,5
4,Female,4,UK,Mixed-Black/Asian,28,41,50,47,48,6
1,Female,2,Canada,Mixed-Black/Asian,36,48,60,39,42,6
1,Female,0,Australia,Mixed-Black/Asian,35,36,52,46,36,5
4,Male,4,Canada,Mixed-Black/Asian,49,35,55,42,27,6
2,Male,3,Republic of Ireland,Mixed-Black/Asian,36,43,40,38,49,6
1,Male,3,Canada,Mixed-Black/Asian,30,39,36,43,39,5
0,Female,4,UK,Mixed-Black/Asian,22,44,44,39,40,6
4,Male,3,New Zealand,Mixed-Black/Asian,36,38,44,38,46,4
2,Female,0,Canada,Mixed-Black/Asian,35,40,44,43,45,5
3,Female,3,Australia,Mixed-Black/Asian,40,43,48,36,33,6
2,Female,5,Canada,Mixed-Black/Asian,31,44,52,38,46,5
1,Female,5,Canada,Mixed-Black/Asian,37,38,39,34,42,6
2,Female,0,Canada,Mixed-Black/Asian,50,32,38,31,36,6
2,Male,2,Australia,Mixed-Black/Asian,26,47,44,45,43,5
2,Female,5,Canada,Mixed-Black/Asian,36,46,42,41,39,5
3,Male,2,Canada,Mixed-Black/Asian,40,43,45,42,44,6
0,Female,4,Canada,Mixed-Black/Asian,40,43,50,44,34,6
4,Female,0,UK,Mixed-Black/Asian,34,38,45,48,45,6
2,Female,0,Canada,Mixed-Black/Asian,45,38,35,40,40,6
0,Male,0,UK,Mixed-Black/Asian,23,52,49,44,44,5
2,Male,0,Canada,Mixed-Black/Asian,34,41,41,32,44,6
1,Male,2,Canada,Mixed-Black/Asian,39,39,48,40,48,5
1,Female,3,Australia,Mixed-Black/Asian,41,36,47,42,36,6
1,Female,2,Canada,Mixed-Black/Asian,34,42,37,50,53,5
2,Male,5,Canada,Mixed-Black/Asian,38,38,39,38,48,5
3,Male,0,USA,Mixed-Black/Asian,42,38,40,40,43,6
0,Female,4,UK,Mixed-Black/Asian,36,42,46,34,41,5
0,Female,4,Canada,Mixed-Black/Asian,33,43,45,38,32,6
2,Male,1,Canada,Mixed-Black/Asian,37,34,33,44,45,5
3,Male,5,USA,Mixed-Black/Asian,29,44,53,55,56,3
4,Female,0,Canada,Mixed-Black/Asian,20,43,38,43,45,4
0,Female,3,Canada,Mixed-Black/Asian,45,30,44,30,31,5
2,Female,0,Canada,Mixed-Black/Asian,42,39,45,47,29,5
1,Male,3,Canada,Mixed-Black/Asian,43,47,46,43,42,6
4,Female,5,Canada,Mixed-Black/Asian,45,40,50,30,46,4
3,Female,5,Canada,Mixed-Black/Asian,46,29,41,45,35,5
0,Male,5,Canada,Mixed-Black/Asian,33,41,41,53,49,3
1,Female,2,Canada,Mixed-Black/Asian,32,39,41,32,37,6
2,Male,2,Canada,Mixed-Black/Asian,20,54,43,52,51,5
1,Male,5,UK,Mixed-Black/Asian,45,40,52,29,38,4
0,Male,5,Canada,Mixed-Black/Asian,49,45,39,49,37,5
3,Male,4,Canada,Black,43,38,37,48,35,5
2,Male,5,Canada,Mixed-Black/Asian,47,38,46,47,46,5
3,Female,2,Canada,Mixed-Black/Asian,24,48,45,47,53,6
3,Male,5,Canada,Mixed-Black/Asian,26,42,45,37,43,6
3,Male,5,Australia,Asian,38,45,46,48,45,6
2,Female,0,Canada,Mixed-Black/Asian,43,45,52,35,34,5
1,Male,5,Canada,Mixed-Black/Asian,44,44,39,38,44,5
0,Male,0,Canada,Mixed-Black/Asian,48,36,41,38,34,5
2,Male,3,Canada,Mixed-Black/Asian,51,41,43,47,36,6
3,Male,4,UK,Mixed-Black/Asian,27,37,52,59,42,6
1,Male,2,Canada,Mixed-Black/Asian,20,35,39,40,54,5
0,Female,5,Canada,Mixed-Black/Asian,48,37,47,44,28,6
1,Male,2,Australia,Mixed-Black/Asian,25,47,47,39,41,0
0,Male,5,Canada,Mixed-Black/Asian,34,37,36,48,50,5
2,Male,2,Canada,Mixed-Black/Asian,28,48,47,36,49,5
0,Male,2,Canada,Mixed-Black/Asian,52,29,45,48,44,5
1,Male,2,Australia,Other,46,26,43,43,45,6
1,Male,0,Canada,Mixed-Black/Asian,42,43,43,43,50,6
3,Male,2,Canada,Mixed-Black/Asian,38,33,38,43,48,5
0,Male,5,Canada,Mixed-Black/Asian,34,38,48,42,44,4
1,Male,5,Canada,Mixed-Black/Asian,21,46,45,52,50,6
0,Male,5,Canada,Mixed-Black/Asian,31,39,42,49,41,3
3,Male,5,Canada,Mixed-Black/Asian,28,40,49,45,49,6
0,Male,5,Canada,Mixed-Black/Asian,46,41,41,45,45,3
2,Male,5,Canada,Mixed-Black/Asian,42,44,49,36,47,6
2,Male,2,Canada,Mixed-White/Asian,58,43,35,41,51,6
1,Male,2,Canada,Mixed-Black/Asian,44,42,42,31,40,6
3,Male,4,Canada,Mixed-Black/Asian,31,37,46,44,39,5
3,Male,2,Canada,Mixed-Black/Asian,39,34,47,47,36,5
0,Male,5,Canada,Mixed-Black/Asian,45,47,39,49,46,6
0,Female,5,Canada,Mixed-Black/Asian,53,44,54,37,38,6
2,Female,2,Canada,Mixed-Black/Asian,46,34,45,41,42,5
2,Male,0,Canada,Mixed-Black/Asian,32,45,45,37,56,5
2,Male,3,USA,Mixed-Black/Asian,38,47,38,31,39,6
0,Male,2,Canada,Mixed-Black/Asian,21,52,45,50,53,6
2,Female,3,Canada,Mixed-Black/Asian,48,31,34,36,37,6
4,Male,4,UK,Mixed-Black/Asian,27,46,49,39,39,6
2,Male,5,Canada,Mixed-Black/Asian,55,29,33,47,28,6
2,Female,0,Canada,Mixed-Black/Asian,20,45,35,40,49,5
1,Male,2,Canada,Mixed-White/Asian,44,42,47,47,48,6
1,Male,5,Canada,Mixed-Black/Asian,46,45,41,51,41,6
3,Male,2,Canada,Mixed-Black/Asian,46,39,48,50,51,6
0,Male,2,Canada,Mixed-Black/Asian,34,45,50,44,47,6
2,Male,4,Canada,Mixed-Black/Asian,25,40,38,43,27,6
0,Female,4,Canada,Mixed-Black/Asian,27,50,49,41,37,6
2,Male,3,Canada,Mixed-Black/Asian,39,48,56,41,48,6
0,Male,4,UK,Mixed-Black/Asian,42,40,42,46,39,6
1,Female,5,Canada,Mixed-Black/Asian,33,41,44,35,47,6
0,Female,3,Canada,Mixed-Black/Asian,43,36,54,36,40,5
0,Female,4,Canada,Mixed-Black/Asian,39,42,44,48,28,6
1,Male,0,Canada,Mixed-Black/Asian,31,50,49,49,43,6
4,Male,4,UK,Mixed-Black/Asian,24,39,48,37,45,6
2,Female,1,Canada,Mixed-Black/Asian,30,40,42,39,46,5
2,Male,5,Canada,Mixed-Black/Asian,40,37,44,32,52,6
2,Male,3,UK,Mixed-Black/Asian,14,46,47,46,54,6
1,Female,3,Australia,Other,35,46,46,47,46,5
2,Female,0,Canada,Mixed-Black/Asian,32,36,42,35,37,5
3,Female,3,Australia,Mixed-Black/Asian,39,41,43,34,45,4
0,Female,0,Canada,Mixed-Black/Asian,23,45,51,49,48,5
4,Male,3,New Zealand,Mixed-Black/Asian,32,37,44,38,46,5
3,Male,3,UK,Mixed-Black/Asian,36,41,42,46,44,6
0,Female,4,Canada,Mixed-Black/Asian,41,39,48,43,35,6
3,Male,2,Canada,Mixed-Black/Asian,43,36,42,54,43,6
0,Female,4,UK,Mixed-Black/Asian,46,47,51,44,34,5
0,Female,4,UK,Mixed-Black/Asian,41,28,38,29,46,5
0,Female,4,UK,Mixed-Black/Asian,54,33,51,39,34,3
1,Female,5,UK,Mixed-Black/Asian,29,34,43,33,43,5
2,Male,4,UK,Mixed-Black/Asian,40,42,48,49,45,4
4,Male,2,UK,Mixed-Black/Asian,15,47,57,51,34,6
0,Female,5,Canada,Mixed-Black/Asian,31,40,38,52,36,4
3,Female,4,UK,Mixed-Black/Asian,35,40,52,55,41,3
1,Female,5,Canada,Mixed-Black/Asian,21,48,54,44,49,6
4,Male,3,New Zealand,Mixed-Black/Asian,48,34,36,50,30,4
1,Female,4,Canada,Mixed-Black/Asian,27,46,52,44,37,6
1,Female,5,Canada,Mixed-Black/Asian,29,42,42,51,46,5
2,Female,5,Canada,Mixed-Black/Asian,25,41,45,41,39,6
1,Male,2,Canada,Mixed-Black/Asian,54,38,44,32,37,6
1,Male,1,UK,Mixed-Black/Asian,33,44,41,37,44,4
2,Male,2,Canada,Mixed-Black/Asian,37,39,43,48,40,2
3,Male,4,UK,Mixed-Black/Asian,46,41,45,39,34,6
3,Female,3,Republic of Ireland,Mixed-Black/Asian,27,48,44,39,47,5
1,Male,5,Canada,Mixed-Black/Asian,35,47,52,44,42,6
4,Female,2,Canada,Mixed-Black/Asian,29,33,51,37,46,5
0,Female,0,Canada,Mixed-Black/Asian,41,30,43,52,28,6
2,Female,2,Canada,Mixed-Black/Asian,27,44,45,34,44,6
2,Male,2,Canada,Mixed-Black/Asian,34,43,44,45,52,4
3,Male,2,Canada,Mixed-Black/Asian,32,40,43,41,31,6
2,Male,0,Canada,Mixed-Black/Asian,36,40,37,43,44,4
2,Male,3,Canada,Mixed-Black/Asian,32,36,42,37,44,6
2,Female,5,Canada,Mixed-Black/Asian,35,37,40,40,45,5
2,Female,0,Canada,Mixed-Black/Asian,21,33,35,54,46,6
1,Male,0,Canada,Mixed-Black/Asian,48,32,37,53,44,5
3,Male,0,Canada,Other,31,43,50,45,41,4
2,Male,0,Canada,Mixed-Black/Asian,41,38,56,45,49,6
0,Male,5,Canada,Mixed-Black/Asian,40,39,44,56,49,5
0,Male,5,Canada,Mixed-Black/Asian,48,37,37,37,47,6
1,Male,2,Canada,Mixed-Black/Asian,29,51,49,44,44,5
2,Male,0,Canada,Mixed-Black/Asian,48,41,46,36,37,5
2,Female,5,Canada,Mixed-Black/Asian,28,38,45,50,38,6
3,Male,5,Canada,Mixed-Black/Asian,29,42,43,46,42,6
2,Male,3,New Zealand,Mixed-Black/Asian,32,41,39,48,45,4
0,Male,5,Canada,Mixed-Black/Asian,33,36,36,42,52,6
1,Female,0,Canada,Mixed-Black/Asian,33,51,52,51,45,6
3,Female,5,Canada,Mixed-Black/Asian,34,35,49,44,41,5
2,Female,2,Canada,Mixed-Black/Asian,29,46,52,56,53,6
1,Male,2,Canada,Asian,26,44,44,51,50,6
1,Female,4,Canada,Mixed-Black/Asian,38,38,34,47,37,6
3,Female,5,Canada,Mixed-Black/Asian,36,38,44,38,39,6
0,Male,5,Canada,Mixed-Black/Asian,31,39,44,42,47,6
0,Female,4,UK,Mixed-Black/Asian,23,49,53,32,48,6
2,Male,2,UK,Mixed-Black/Asian,47,41,53,55,34,5
1,Male,5,Canada,Mixed-Black/Asian,34,45,37,43,54,5
3,Male,2,Canada,Mixed-Black/Asian,31,53,59,53,43,6
1,Female,2,Canada,Mixed-Black/Asian,42,43,49,47,34,0
0,Female,4,USA,Mixed-Black/Asian,46,48,54,39,34,6
0,Female,4,UK,Mixed-Black/Asian,29,44,46,44,42,6
2,Male,0,Canada,Mixed-Black/Asian,32,46,41,46,49,6
1,Female,2,Australia,Mixed-White/Asian,31,51,43,42,34,5
3,Female,4,New Zealand,Mixed-Black/Asian,48,36,48,35,33,5
3,Female,3,Canada,Mixed-Black/Asian,47,30,55,40,31,6
0,Female,2,Canada,Mixed-Black/Asian,42,41,49,41,38,6
1,Female,0,Republic of Ireland,Mixed-Black/Asian,28,49,57,37,39,5
1,Male,2,Canada,Asian,24,43,46,50,43,6
0,Male,5,Canada,Mixed-Black/Asian,33,32,41,42,51,6
1,Male,5,Canada,Mixed-Black/Asian,36,41,48,55,53,5
1,Male,0,Canada,Mixed-Black/Asian,48,31,44,34,31,4
0,Female,5,Canada,Mixed-Black/Asian,32,37,50,45,38,6
1,Male,0,Canada,Mixed-Black/Asian,47,37,47,45,40,6
0,Female,0,Canada,Mixed-Black/Asian,19,38,47,42,35,5
2,Female,4,Canada,Mixed-Black/Asian,45,35,54,41,44,6
3,Female,5,Canada,Mixed-Black/Asian,21,53,47,45,39,6
1,Female,4,Canada,Mixed-Black/Asian,30,46,49,41,41,6
0,Female,3,Canada,Mixed-Black/Asian,32,41,43,38,39,5
2,Female,3,Canada,Mixed-Black/Asian,31,45,46,39,43,6
0,Female,5,Canada,Mixed-Black/Asian,33,40,55,48,48,4
0,Male,4,Canada,Mixed-Black/Asian,48,47,49,47,48,5
0,Male,2,Canada,Black,44,35,42,39,34,6
2,Female,3,Canada,Mixed-Black/Asian,35,38,41,38,36,6
0,Female,3,Canada,Mixed-Black/Asian,38,40,34,42,44,6
1,Female,5,Canada,Mixed-Black/Asian,41,38,49,39,37,5
0,Female,4,Canada,Mixed-Black/Asian,56,24,44,43,26,6
0,Male,4,Canada,Mixed-Black/Asian,42,38,42,35,51,4
3,Female,0,Canada,Mixed-Black/Asian,38,34,45,43,26,4
2,Female,4,Canada,Mixed-Black/Asian,24,40,37,39,43,5
1,Female,2,Canada,Mixed-Black/Asian,49,27,49,45,46,4
2,Male,5,Canada,Mixed-Black/Asian,41,39,43,42,37,4
2,Male,3,Canada,Mixed-Black/Asian,45,35,54,35,30,6
1,Female,5,USA,Mixed-Black/Asian,32,41,51,40,36,6
0,Male,4,New Zealand,Mixed-Black/Asian,51,46,55,41,35,5
3,Male,1,USA,Mixed-Black/Asian,27,44,39,49,44,4
2,Female,4,UK,Mixed-Black/Asian,46,47,44,35,46,6
4,Male,2,Canada,Mixed-Black/Asian,44,35,43,43,41,4
4,Female,4,Canada,Mixed-Black/Asian,40,35,36,33,41,4
1,Male,5,Canada,Mixed-Black/Asian,34,39,39,44,45,5
3,Male,2,Canada,Mixed-Black/Asian,38,35,44,41,38,6
2,Female,2,Canada,Mixed-Black/Asian,25,38,47,46,46,6
2,Female,3,Canada,Mixed-Black/Asian,27,36,43,39,40,5
2,Male,2,Canada,Mixed-Black/Asian,34,37,46,51,53,5
4,Female,5,Canada,Mixed-Black/Asian,28,42,49,33,51,5
3,Male,5,New Zealand,Mixed-White/Asian,21,38,53,53,42,6
2,Female,5,UK,Mixed-Black/Asian,35,33,52,43,37,6
4,Female,4,Canada,Mixed-Black/Asian,34,32,41,45,34,4
2,Male,4,Australia,Mixed-Black/Asian,45,41,49,37,43,6
3,Female,1,Canada,Mixed-Black/Asian,26,47,49,48,49,5
2,Male,5,Canada,Mixed-Black/Asian,32,44,50,41,42,6
4,Female,5,Canada,Mixed-Black/Asian,23,45,45,37,41,5
2,Female,4,UK,Mixed-Black/Asian,28,38,42,39,44,1
0,Female,4,Canada,Mixed-Black/Asian,23,42,53,55,43,5
0,Male,5,Canada,Mixed-Black/Asian,34,33,36,40,44,5
1,Female,5,Canada,Mixed-Black/Asian,35,52,48,42,38,5
0,Female,4,Canada,Mixed-Black/Asian,40,36,43,48,49,6
0,Female,3,Canada,Mixed-Black/Asian,27,38,41,47,45,5
0,Female,5,Canada,Mixed-Black/Asian,45,41,50,39,32,6
0,Female,4,UK,Mixed-Black/Asian,30,39,40,50,45,4
1,Male,2,Canada,Mixed-Black/Asian,41,42,51,44,49,5
0,Female,5,UK,Mixed-Black/Asian,41,45,52,54,42,4
0,Female,3,Canada,Mixed-Black/Asian,43,47,49,36,40,6
0,Male,4,UK,Mixed-Black/Asian,42,43,53,54,44,4
0,Female,4,Canada,Mixed-Black/Asian,35,29,37,39,28,6
2,Female,5,UK,Mixed-Black/Asian,28,34,44,44,44,5
0,Female,0,Australia,Mixed-Black/Asian,35,31,41,39,40,4
4,Female,5,Canada,Mixed-Black/Asian,32,33,41,40,39,5
2,Female,4,Canada,Mixed-Black/Asian,48,45,52,42,49,6
2,Male,3,Canada,Mixed-Black/Asian,51,35,48,48,43,6
4,Female,3,Canada,Mixed-Black/Asian,35,38,46,39,39,5
1,Male,5,Canada,Mixed-Black/Asian,27,49,48,49,46,6
2,Male,4,Canada,Mixed-Black/Asian,47,36,51,48,39,6
1,Male,2,Canada,Mixed-Black/Asian,39,44,51,53,44,6
0,Female,3,Canada,Mixed-Black/Asian,56,33,51,35,38,5
1,Male,2,Canada,Other,39,44,42,44,41,6
0,Female,4,New Zealand,Mixed-Black/Asian,23,41,51,41,30,5
1,Male,0,USA,Mixed-Black/Asian,30,42,47,39,43,5
2,Male,5,Canada,Mixed-Black/Asian,43,40,39,43,42,6
0,Female,4,Canada,Mixed-Black/Asian,28,48,44,42,38,4
0,Male,5,Canada,Mixed-Black/Asian,48,44,51,42,42,5
2,Female,0,Canada,Mixed-White/Black,42,41,48,41,40,5
0,Female,4,Canada,Mixed-Black/Asian,43,47,55,33,28,5
1,Male,5,Canada,Mixed-Black/Asian,38,53,59,53,37,5
1,Female,5,Canada,Mixed-Black/Asian,31,27,26,33,33,6
1,Female,5,Canada,Mixed-Black/Asian,26,51,46,44,55,5
0,Male,0,Australia,Mixed-Black/Asian,48,41,55,51,46,6
1,Female,2,Australia,Mixed-Black/Asian,35,30,49,40,38,4
2,Female,4,Canada,Mixed-Black/Asian,24,41,50,51,37,5
3,Male,2,Canada,Mixed-Black/Asian,44,38,48,48,52,6
2,Male,5,Canada,Mixed-Black/Asian,42,41,41,37,35,4
1,Female,0,Canada,Mixed-Black/Asian,32,40,42,37,47,6
3,Female,4,Canada,Mixed-Black/Asian,27,41,46,47,30,6
1,Male,0,Canada,Mixed-Black/Asian,43,42,38,46,39,6
1,Male,2,Canada,Mixed-Black/Asian,35,43,49,45,45,6
2,Male,0,Canada,Mixed-Black/Asian,40,36,36,43,28,6
2,Male,0,Canada,Mixed-Black/Asian,21,46,39,53,54,6
2,Female,2,Canada,Mixed-Black/Asian,34,40,46,50,41,5
1,Male,3,Canada,Mixed-Black/Asian,17,49,33,50,50,6
1,Female,4,Australia,Mixed-Black/Asian,51,38,53,52,28,4
1,Male,2,Canada,Mixed-Black/Asian,40,47,42,51,45,5
1,Female,0,Canada,Mixed-Black/Asian,27,43,55,50,38,5
0,Female,4,UK,Mixed-Black/Asian,23,50,56,48,56,5
0,Male,2,Canada,Mixed-White/Black,42,42,42,44,47,5
0,Male,4,Republic of Ireland,Mixed-Black/Asian,56,37,45,48,25,5
0,Female,4,UK,Mixed-Black/Asian,40,44,46,42,40,5
0,Female,0,Canada,Mixed-Black/Asian,14,51,50,50,44,3
1,Female,5,New Zealand,Mixed-Black/Asian,36,33,40,40,37,6
0,Female,4,UK,Mixed-Black/Asian,52,42,38,40,23,6
1,Male,5,USA,Mixed-Black/Asian,24,45,55,50,43,5
0,Male,5,Canada,Mixed-Black/Asian,47,45,50,49,30,0
0,Female,0,Canada,Mixed-Black/Asian,40,33,53,47,34,3
0,Female,4,UK,Mixed-Black/Asian,42,41,58,48,42,5
0,Female,4,UK,Mixed-Black/Asian,46,34,48,56,37,5
1,Female,2,Other,Mixed-Black/Asian,44,35,47,38,40,6
0,Male,3,UK,Mixed-White/Asian,32,44,47,41,47,6
1,Female,5,USA,Mixed-Black/Asian,46,41,50,46,47,6
0,Female,4,UK,Mixed-Black/Asian,42,28,37,43,35,6
0,Male,2,Canada,Black,41,30,33,49,44,6
3,Female,5,Canada,Mixed-Black/Asian,48,30,43,39,28,5
3,Male,3,New Zealand,Mixed-Black/Asian,46,31,44,41,38,3
0,Female,0,Australia,Mixed-Black/Asian,25,37,50,45,42,5
0,Male,4,Australia,Mixed-Black/Asian,21,43,52,41,28,5
1,Female,4,UK,Mixed-Black/Asian,37,37,40,41,42,5
0,Female,4,UK,Mixed-White/Black,41,44,51,39,38,0
0,Female,4,New Zealand,Mixed-Black/Asian,54,40,58,40,37,6
3,Female,0,Canada,Mixed-Black/Asian,18,47,44,47,39,5
0,Male,3,UK,Mixed-Black/Asian,46,24,45,46,42,3
2,Female,3,UK,Mixed-Black/Asian,46,33,40,34,36,5
0,Female,4,UK,Mixed-White/Asian,47,31,48,43,33,3
0,Male,4,UK,Mixed-Black/Asian,44,37,52,46,38,5
0,Male,4,UK,Mixed-Black/Asian,33,43,52,43,49,5
0,Female,2,UK,Mixed-Black/Asian,49,34,52,43,44,5
0,Female,3,Australia,Mixed-Black/Asian,30,40,47,41,29,5
2,Female,3,Australia,Mixed-Black/Asian,44,36,47,38,43,3
0,Female,3,Canada,Mixed-Black/Asian,21,48,42,39,33,6
0,Female,4,Canada,Mixed-Black/Asian,19,41,51,44,47,5
0,Female,5,USA,Mixed-Black/Asian,34,37,52,39,36,6
0,Female,4,UK,Mixed-Black/Asian,42,39,50,32,41,5
0,Female,4,Australia,Mixed-Black/Asian,44,44,48,36,31,6
1,Female,4,Canada,Mixed-Black/Asian,36,53,44,39,42,6
1,Female,5,Canada,Mixed-Black/Asian,35,36,54,51,38,5
0,Female,4,UK,Mixed-Black/Asian,47,36,44,39,49,4
0,Female,4,UK,Mixed-Black/Asian,40,33,44,46,41,4
0,Male,5,Canada,Mixed-Black/Asian,30,45,49,47,50,6
1,Male,4,UK,Mixed-Black/Asian,37,47,51,41,47,6
2,Male,4,Canada,Mixed-Black/Asian,48,44,55,46,37,5
0,Female,4,New Zealand,Mixed-Black/Asian,25,41,46,46,54,6
1,Female,4,UK,Mixed-Black/Asian,41,37,45,47,34,5
0,Female,0,Republic of Ireland,Mixed-Black/Asian,31,42,47,38,37,6
3,Male,5,UK,Mixed-Black/Asian,37,33,39,48,40,5
1,Female,4,UK,Mixed-Black/Asian,41,32,43,49,42,4
0,Male,5,New Zealand,Mixed-Black/Asian,54,29,55,31,45,4
1,Female,4,UK,Mixed-Black/Asian,33,41,44,40,35,4
0,Female,0,USA,Mixed-Black/Asian,32,45,51,47,35,5
0,Male,4,UK,Mixed-Black/Asian,46,45,53,36,38,5
0,Female,5,UK,Mixed-Black/Asian,40,26,39,48,30,6
0,Female,3,Canada,Mixed-Black/Asian,21,34,37,54,41,4
0,Female,0,UK,Mixed-Black/Asian,21,45,53,37,39,4
3,Male,5,UK,Mixed-Black/Asian,48,51,52,30,29,6
0,Female,4,UK,Mixed-Black/Asian,47,35,46,34,35,4
1,Female,5,UK,Mixed-Black/Asian,41,36,51,32,45,5
0,Female,4,Canada,Mixed-Black/Asian,29,40,43,37,44,6
0,Female,4,New Zealand,Mixed-Black/Asian,57,42,48,37,34,4
0,Male,4,UK,Mixed-Black/Asian,37,33,46,46,47,5
3,Female,0,USA,Mixed-Black/Asian,42,41,52,57,44,4
1,Male,2,Canada,Mixed-Black/Asian,51,34,46,41,33,5
0,Female,4,USA,Black,29,51,51,44,45,5
0,Male,5,UK,Mixed-Black/Asian,32,42,45,42,43,4
0,Female,4,Canada,Mixed-Black/Asian,35,47,51,40,45,6
0,Female,4,UK,Mixed-Black/Asian,35,41,51,45,39,4
0,Female,4,Australia,White,36,38,45,29,26,6
0,Female,5,USA,Mixed-Black/Asian,42,24,26,49,31,6
0,Female,5,UK,Mixed-Black/Asian,41,44,47,36,50,6
0,Female,4,UK,Mixed-Black/Asian,37,49,54,35,36,5
0,Female,5,Australia,Mixed-Black/Asian,27,43,46,38,39,4
1,Male,0,USA,Mixed-Black/Asian,52,43,53,47,43,6
0,Female,4,UK,Mixed-Black/Asian,37,44,57,51,40,6
0,Female,3,Canada,Mixed-Black/Asian,39,37,41,49,41,5
0,Female,4,UK,Mixed-Black/Asian,45,34,47,47,41,6
1,Male,2,UK,Mixed-Black/Asian,37,33,55,44,46,5
3,Male,0,UK,Mixed-Black/Asian,36,41,46,38,36,4
1,Male,2,UK,Mixed-Black/Asian,44,35,46,41,46,6
0,Female,5,UK,Mixed-Black/Asian,41,33,43,42,41,6
0,Female,5,USA,Mixed-Black/Asian,21,41,46,41,30,4
3,Female,2,UK,Mixed-Black/Asian,32,42,47,35,44,4
0,Female,4,USA,Mixed-Black/Asian,21,51,50,46,48,3
0,Female,0,Canada,Mixed-Black/Asian,43,40,58,44,30,6
1,Female,5,UK,Mixed-Black/Asian,38,30,50,24,42,5
0,Female,4,UK,Mixed-Black/Asian,30,39,52,40,32,5
0,Female,4,UK,Mixed-Black/Asian,29,40,48,54,50,4
1,Male,4,UK,Mixed-Black/Asian,41,37,47,36,40,4
0,Male,4,UK,Mixed-Black/Asian,39,45,53,50,38,6
2,Female,4,UK,Mixed-Black/Asian,45,28,36,42,44,6
0,Male,3,New Zealand,Mixed-Black/Asian,41,37,35,50,37,6
1,Female,5,UK,Mixed-Black/Asian,42,37,48,30,35,4
0,Female,0,UK,Mixed-Black/Asian,41,44,53,36,39,6
4,Female,2,UK,Mixed-Black/Asian,21,40,54,51,45,6
0,Female,2,Australia,Mixed-Black/Asian,40,33,49,41,45,5
0,Female,4,UK,Mixed-Black/Asian,28,49,55,49,43,6
1,Female,5,UK,Mixed-Black/Asian,43,41,36,35,32,6
0,Female,4,UK,Mixed-Black/Asian,36,40,55,44,40,5
0,Male,4,UK,Mixed-Black/Asian,32,41,46,42,34,6
0,Female,0,New Zealand,Other,41,45,50,36,33,5
1,Female,4,Canada,Mixed-Black/Asian,26,43,57,53,45,2
0,Female,3,UK,Mixed-White/Black,41,48,45,47,54,6
1,Female,0,New Zealand,Mixed-Black/Asian,49,34,43,30,29,6
0,Female,4,UK,Mixed-Black/Asian,26,54,53,42,48,4
0,Male,4,Australia,Black,46,31,53,36,32,5
1,Female,4,Australia,Mixed-Black/Asian,42,45,53,40,28,6
0,Female,5,Canada,Mixed-Black/Asian,36,39,45,39,39,4
0,Female,4,New Zealand,Mixed-Black/Asian,20,48,58,48,48,5
0,Female,4,Republic of Ireland,Mixed-Black/Asian,51,36,45,32,37,5
0,Male,4,UK,Mixed-Black/Asian,34,47,42,39,36,5
0,Female,4,New Zealand,Mixed-Black/Asian,40,32,50,47,36,4
0,Male,4,UK,Mixed-Black/Asian,35,48,55,48,54,4
0,Male,4,UK,Mixed-Black/Asian,24,42,51,49,52,4
3,Female,3,Canada,Mixed-Black/Asian,51,35,52,41,28,6
1,Female,5,UK,Mixed-Black/Asian,45,34,53,40,49,6
0,Female,2,UK,Mixed-Black/Asian,38,50,47,32,34,6
1,Male,2,UK,Mixed-Black/Asian,29,37,46,47,40,5
0,Male,4,Canada,Mixed-Black/Asian,50,27,47,38,23,6
1,Male,2,UK,Mixed-Black/Asian,38,32,42,45,34,4
0,Male,4,UK,Mixed-White/Asian,43,42,55,43,36,6
2,Female,3,UK,Mixed-White/Asian,48,24,51,30,39,5
1,Female,4,USA,Mixed-Black/Asian,27,43,51,46,25,6
0,Male,5,UK,Mixed-Black/Asian,30,49,52,43,43,5
1,Female,2,UK,Mixed-Black/Asian,48,40,44,42,41,3
0,Male,1,UK,Mixed-Black/Asian,42,39,52,40,31,5
2,Female,4,UK,Mixed-Black/Asian,51,32,48,39,36,6
1,Male,4,UK,Mixed-Black/Asian,25,49,54,37,41,5
0,Female,4,UK,Mixed-Black/Asian,36,48,51,45,37,4
0,Female,4,UK,Mixed-White/Asian,50,40,48,48,41,4
1,Female,4,Australia,Mixed-Black/Asian,46,19,47,43,41,5
0,Female,5,Canada,Mixed-Black/Asian,40,37,47,41,42,5
0,Female,5,Canada,Mixed-Black/Asian,31,55,51,52,43,5
0,Male,4,UK,Mixed-Black/Asian,26,49,56,54,36,4
0,Male,4,UK,Mixed-Black/Asian,40,45,54,50,46,5
0,Female,4,UK,Mixed-White/Asian,37,46,53,47,46,5
1,Female,4,Republic of Ireland,Mixed-Black/Asian,22,53,52,43,48,5
1,Female,4,Australia,Mixed-Black/Asian,37,37,33,27,41,5
1,Female,4,UK,Mixed-Black/Asian,46,29,48,18,30,4
1,Male,0,Canada,Mixed-Black/Asian,60,24,40,36,24,4
0,Female,4,Australia,Mixed-Black/Asian,23,27,46,27,40,4
0,Male,3,Canada,Mixed-Black/Asian,20,38,47,44,37,6
1,Female,2,UK,Mixed-Black/Asian,28,47,45,44,45,6
1,Female,5,UK,Mixed-Black/Asian,53,38,43,40,34,6
0,Male,4,UK,Mixed-Black/Asian,53,33,39,37,34,4
0,Female,5,New Zealand,Mixed-Black/Asian,15,51,35,12,41,5
0,Female,4,Canada,Asian,36,33,49,39,35,6
1,Male,2,UK,Mixed-Black/Asian,38,35,48,39,33,5
0,Female,0,UK,Mixed-Black/Asian,35,46,46,46,37,5
2,Male,5,UK,Mixed-Black/Asian,46,38,53,36,45,6
0,Female,4,UK,Mixed-Black/Asian,49,39,45,27,33,6
1,Female,3,Australia,Mixed-Black/Asian,40,42,47,43,54,6
2,Female,5,USA,Mixed-Black/Asian,24,42,41,34,45,5
0,Female,4,UK,Mixed-White/Asian,33,40,44,48,36,4
0,Female,5,UK,Mixed-Black/Asian,37,44,46,34,42,5
1,Male,4,UK,Mixed-White/Asian,49,43,53,37,28,5
0,Male,4,UK,Mixed-Black/Asian,55,19,32,43,31,5
0,Female,4,UK,Mixed-Black/Asian,43,30,41,34,36,4
2,Female,5,UK,Mixed-Black/Asian,39,29,34,32,47,0
0,Male,4,UK,Mixed-Black/Asian,25,54,54,49,48,3
1,Male,0,UK,Mixed-Black/Asian,56,20,42,28,19,6
0,Female,0,UK,Other,38,40,46,40,48,5
1,Female,0,UK,Mixed-Black/Asian,40,39,45,42,38,6
0,Male,4,UK,Mixed-Black/Asian,52,28,45,53,45,6
0,Female,0,New Zealand,Mixed-Black/Asian,38,49,58,41,34,4
2,Female,2,Canada,Mixed-Black/Asian,33,38,41,38,43,6
0,Female,4,Australia,Mixed-Black/Asian,25,43,53,34,45,6
0,Female,1,USA,Mixed-Black/Asian,37,38,46,46,33,6
0,Female,4,UK,Mixed-Black/Asian,25,30,41,35,33,5
1,Female,0,UK,Mixed-Black/Asian,48,31,29,36,36,5
0,Female,0,UK,Mixed-Black/Asian,46,29,48,44,35,5
0,Female,3,UK,Mixed-Black/Asian,28,48,50,50,37,4
1,Female,4,UK,Mixed-Black/Asian,38,31,52,38,40,6
1,Female,4,UK,Mixed-Black/Asian,30,49,56,53,46,5
0,Male,4,Canada,Mixed-White/Asian,33,46,51,45,40,5
2,Female,0,Canada,Mixed-Black/Asian,29,35,42,44,37,6
1,Male,5,USA,Mixed-Black/Asian,43,35,54,49,45,5
0,Male,0,UK,Mixed-Black/Asian,47,26,46,50,36,6
0,Male,5,Canada,Mixed-Black/Asian,33,40,53,47,54,6
0,Male,4,UK,Mixed-Black/Asian,24,47,54,45,36,4
0,Male,4,UK,Mixed-Black/Asian,56,35,48,44,36,6
0,Female,3,Canada,Mixed-Black/Asian,40,48,53,43,39,6
0,Female,4,Australia,Mixed-Black/Asian,35,42,50,47,35,4
0,Male,5,Canada,Mixed-Black/Asian,39,42,46,39,47,6
0,Female,4,Australia,Mixed-Black/Asian,40,37,53,33,41,4
1,Male,0,Australia,Mixed-Black/Asian,45,48,53,38,51,5
1,Female,3,UK,Mixed-White/Asian,31,54,59,51,50,4
0,Male,4,UK,Mixed-White/Black,51,34,50,46,33,6
1,Male,2,UK,Mixed-Black/Asian,46,38,49,48,32,6
0,Male,4,UK,Mixed-Black/Asian,32,32,42,52,35,6
0,Female,0,UK,Mixed-Black/Asian,29,38,38,38,30,4
1,Female,3,Canada,Mixed-Black/Asian,55,30,47,41,29,5
1,Male,0,New Zealand,Mixed-Black/Asian,40,40,29,41,47,5
2,Female,3,UK,Mixed-Black/Asian,51,27,46,44,30,6
0,Male,5,UK,Mixed-Black/Asian,42,40,49,40,37,6
0,Male,4,UK,Mixed-Black/Asian,25,42,57,47,41,5
0,Female,4,UK,Mixed-Black/Asian,40,41,48,41,40,4
1,Male,5,Canada,Mixed-Black/Asian,46,33,46,41,29,5
0,Female,4,Australia,Mixed-Black/Asian,49,34,44,42,36,4
0,Female,3,UK,Mixed-Black/Asian,53,36,46,33,20,5
3,Female,5,UK,Mixed-Black/Asian,25,36,42,44,45,0
2,Female,3,Canada,Mixed-Black/Asian,23,38,47,51,50,6
0,Female,4,Australia,Mixed-Black/Asian,33,50,46,35,54,6
0,Male,5,Australia,Mixed-Black/Asian,36,41,55,50,37,6
3,Male,4,UK,Mixed-Black/Asian,35,35,51,55,39,4
0,Female,3,USA,Mixed-Black/Asian,39,46,53,45,40,6
1,Female,4,UK,Mixed-Black/Asian,32,42,57,48,33,5
2,Female,4,Canada,Mixed-Black/Asian,42,26,46,44,42,5
0,Female,4,UK,Mixed-Black/Asian,27,48,43,48,44,6
1,Male,2,UK,Mixed-Black/Asian,25,40,51,46,40,6
0,Female,2,Canada,Mixed-Black/Asian,27,47,46,45,45,4
0,Male,4,UK,Mixed-Black/Asian,30,42,50,50,44,5
0,Male,4,UK,Mixed-Black/Asian,33,41,57,52,39,6
0,Female,4,UK,Asian,22,48,53,33,48,3
4,Female,0,Australia,Mixed-White/Asian,20,48,50,50,47,6
2,Male,5,New Zealand,Mixed-Black/Asian,38,40,45,39,38,5
1,Female,4,New Zealand,Mixed-Black/Asian,40,28,50,36,48,4
0,Female,4,UK,Mixed-Black/Asian,50,31,38,44,38,4
0,Female,4,UK,Mixed-Black/Asian,20,53,54,52,46,5
0,Female,4,UK,Mixed-Black/Asian,48,40,53,35,36,4
5,Female,2,UK,Mixed-Black/Asian,18,40,50,48,47,1
0,Female,4,UK,Mixed-Black/Asian,30,47,51,47,42,6
2,Male,2,Canada,Mixed-Black/Asian,30,49,37,53,39,6
3,Male,4,UK,Mixed-Black/Asian,48,32,43,42,47,6
1,Male,0,UK,Black,42,41,51,39,40,6
0,Female,4,Australia,Mixed-Black/Asian,40,39,47,38,45,5
0,Female,4,Canada,Mixed-Black/Asian,46,47,38,37,34,6
1,Male,5,UK,Mixed-Black/Asian,42,39,57,31,49,6
0,Female,4,UK,Mixed-Black/Asian,34,39,54,49,41,5
0,Female,4,Australia,Mixed-Black/Asian,34,42,54,40,35,4
0,Female,3,UK,Mixed-Black/Asian,43,34,41,40,44,3
1,Female,4,UK,Mixed-Black/Asian,52,44,49,34,25,4
0,Female,4,UK,Mixed-Black/Asian,46,29,49,43,35,6
1,Female,5,UK,Mixed-Black/Asian,28,40,47,36,40,4
0,Female,4,UK,Mixed-Black/Asian,52,36,56,44,39,5
0,Female,4,USA,Mixed-Black/Asian,39,51,48,38,28,6
4,Female,3,Australia,Mixed-Black/Asian,28,42,50,44,42,5
1,Female,5,Canada,Mixed-Black/Asian,25,45,55,56,49,5
0,Female,4,UK,Mixed-Black/Asian,41,45,51,49,36,6
0,Female,2,Australia,Mixed-Black/Asian,28,38,44,37,41,5
0,Female,2,Canada,Mixed-Black/Asian,28,46,43,46,47,4
1,Female,2,Canada,Mixed-Black/Asian,47,38,52,39,48,6
1,Male,0,UK,Mixed-Black/Asian,26,45,44,42,48,6
0,Female,4,UK,Mixed-Black/Asian,29,43,45,44,51,3
0,Female,0,Other,Mixed-Black/Asian,48,32,44,42,37,5
0,Female,4,UK,Mixed-Black/Asian,35,46,37,27,35,4
3,Male,4,Australia,Mixed-Black/Asian,32,41,47,46,47,6
0,Female,4,Australia,Mixed-Black/Asian,55,27,44,33,44,5
0,Female,0,New Zealand,Mixed-Black/Asian,53,23,38,40,17,2
0,Female,0,UK,Other,44,29,33,43,29,4
0,Male,0,UK,Mixed-Black/Asian,53,33,52,44,35,6
0,Female,4,UK,Mixed-Black/Asian,35,41,56,49,42,5
3,Female,2,Australia,Mixed-Black/Asian,42,31,42,40,33,6
0,Male,0,Canada,Mixed-Black/Asian,48,46,49,41,40,3
3,Female,5,UK,Mixed-Black/Asian,29,40,46,43,45,5
0,Male,4,UK,Mixed-Black/Asian,30,49,57,51,36,6
1,Female,4,UK,Mixed-Black/Asian,53,31,49,38,31,5
0,Female,4,UK,Mixed-Black/Asian,42,42,47,44,41,6
1,Female,4,UK,Mixed-Black/Asian,28,53,52,46,37,4
3,Female,5,UK,Mixed-Black/Asian,25,44,59,48,50,6
0,Female,3,Australia,Mixed-Black/Asian,18,55,57,44,52,4
1,Female,4,UK,Mixed-Black/Asian,39,20,40,32,22,5
0,Male,0,Canada,Mixed-Black/Asian,32,31,39,46,49,4
1,Female,0,Australia,Mixed-Black/Asian,38,50,48,33,42,5
2,Male,4,UK,Mixed-Black/Asian,45,30,36,40,36,5
0,Female,5,UK,Mixed-Black/Asian,37,33,53,30,47,4
0,Male,4,Canada,Mixed-Black/Asian,55,19,38,40,23,4
0,Female,0,USA,Mixed-Black/Asian,49,39,56,37,39,4
0,Female,4,UK,Mixed-Black/Asian,29,38,53,36,23,4
0,Male,0,UK,Mixed-White/Asian,39,32,49,47,37,5
0,Male,5,UK,Mixed-Black/Asian,25,33,41,41,39,4
3,Female,0,UK,Mixed-Black/Asian,37,42,49,37,42,6
2,Male,5,UK,Black,42,42,43,43,46,4
0,Male,2,UK,Mixed-Black/Asian,32,45,50,47,50,6
0,Male,5,Canada,Mixed-Black/Asian,41,33,40,36,39,6
0,Female,4,USA,Mixed-Black/Asian,29,42,50,50,42,6
1,Female,4,Canada,Mixed-Black/Asian,38,30,45,36,31,4
0,Female,4,UK,Mixed-Black/Asian,38,35,47,39,40,6
0,Male,4,Canada,Mixed-Black/Asian,48,36,49,39,34,5
0,Female,3,Canada,Mixed-Black/Asian,41,43,57,43,38,4
0,Male,4,UK,Mixed-Black/Asian,41,45,52,42,40,4
1,Female,4,UK,Mixed-Black/Asian,19,43,50,47,47,5
2,Male,2,UK,Mixed-Black/Asian,48,29,46,58,36,6
0,Male,4,UK,Mixed-Black/Asian,38,34,51,56,49,4
0,Female,4,UK,Mixed-Black/Asian,43,39,50,38,45,6
2,Male,2,Canada,Mixed-Black/Asian,42,39,32,42,34,3
2,Female,5,Canada,Mixed-Black/Asian,38,24,31,34,31,6
1,Female,4,Australia,Mixed-Black/Asian,46,36,47,49,38,5
1,Male,2,Canada,Mixed-Black/Asian,45,37,36,48,37,6
0,Female,4,Canada,Mixed-Black/Asian,43,48,55,49,35,6
1,Male,2,UK,Mixed-Black/Asian,49,48,57,26,32,4
0,Female,4,UK,Mixed-Black/Asian,48,31,49,43,44,5
0,Female,2,Canada,Mixed-Black/Asian,23,55,49,38,46,4
0,Female,3,Canada,Mixed-Black/Asian,25,44,46,45,38,5
0,Male,4,UK,Mixed-Black/Asian,46,43,55,53,37,4
1,Female,0,Australia,Mixed-Black/Asian,22,39,51,30,44,3
0,Female,4,UK,Mixed-Black/Asian,29,37,39,41,40,4
0,Female,0,New Zealand,Mixed-Black/Asian,48,36,35,30,26,5
0,Male,4,UK,Mixed-Black/Asian,40,36,49,41,39,4
1,Female,0,Canada,Mixed-Black/Asian,28,48,56,39,46,5
1,Male,4,UK,Mixed-Black/Asian,38,39,51,47,51,4
2,Male,0,UK,Mixed-Black/Asian,39,31,38,31,31,5
0,Female,5,UK,Mixed-Black/Asian,43,32,37,40,39,3
0,Female,4,UK,Mixed-Black/Asian,30,39,51,49,40,5
3,Male,2,Australia,Mixed-Black/Asian,30,40,56,47,48,6
0,Male,0,UK,Mixed-White/Asian,33,44,36,44,47,6
0,Male,5,UK,White,48,52,56,42,38,6
1,Female,4,UK,Mixed-Black/Asian,21,39,52,33,45,5
1,Female,2,Australia,Mixed-White/Asian,29,44,56,47,46,6
0,Female,4,UK,Mixed-Black/Asian,13,43,54,50,33,5
2,Male,0,New Zealand,Mixed-Black/Asian,48,35,50,45,52,4
2,Female,5,New Zealand,Mixed-Black/Asian,30,35,29,41,40,4
0,Female,0,Canada,Mixed-Black/Asian,21,46,46,43,35,4
1,Male,0,Canada,Mixed-Black/Asian,27,40,53,55,54,5
1,Male,2,Australia,Other,35,30,43,42,50,5
0,Female,2,Canada,Mixed-Black/Asian,40,40,48,39,43,6
0,Female,4,Republic of Ireland,Mixed-Black/Asian,31,37,53,44,31,5
0,Male,2,Canada,Mixed-Black/Asian,51,29,45,45,39,6
2,Male,0,Canada,Mixed-Black/Asian,29,42,46,41,51,6
2,Female,0,Canada,Mixed-Black/Asian,39,35,43,40,41,6
0,Female,0,Canada,Mixed-Black/Asian,27,36,51,51,40,4
2,Male,3,New Zealand,Mixed-Black/Asian,40,40,39,44,41,6
1,Male,5,UK,Mixed-Black/Asian,53,26,57,37,44,6
3,Female,3,Canada,Mixed-Black/Asian,22,46,44,40,44,6
2,Male,3,Canada,Mixed-Black/Asian,41,30,36,44,33,5
1,Male,2,Canada,Mixed-White/Asian,39,51,45,45,46,6
0,Male,2,Canada,Mixed-Black/Asian,25,50,48,50,50,6
0,Female,2,Canada,Mixed-Black/Asian,33,43,44,45,38,6
0,Male,2,Canada,Mixed-Black/Asian,42,47,40,40,32,6
0,Male,5,Canada,Mixed-Black/Asian,35,39,49,45,45,4
0,Male,2,Canada,Mixed-Black/Asian,33,43,52,42,53,5
2,Female,3,New Zealand,Mixed-Black/Asian,34,39,50,46,46,5
0,Male,2,Australia,Mixed-Black/Asian,35,46,58,41,44,5
0,Male,2,Canada,Mixed-Black/Asian,41,43,46,41,44,6
1,Male,2,UK,Mixed-Black/Asian,31,39,48,47,48,6
1,Male,5,Canada,Mixed-Black/Asian,26,49,47,50,40,5
0,Male,2,Canada,Mixed-Black/Asian,42,49,45,57,38,5
3,Male,0,Canada,Mixed-Black/Asian,31,44,38,50,43,5
0,Female,5,USA,Mixed-Black/Asian,21,34,42,35,32,4
1,Male,5,USA,Mixed-Black/Asian,23,51,40,39,46,5
2,Female,2,Canada,Black,31,46,47,43,48,5
1,Female,2,Canada,Mixed-Black/Asian,47,32,40,43,43,5
0,Female,0,Canada,Mixed-Black/Asian,30,35,56,54,33,4
1,Female,4,UK,Mixed-Black/Asian,27,40,51,44,37,6
0,Male,4,UK,Mixed-Black/Asian,36,37,46,37,37,4
0,Male,2,Canada,Mixed-Black/Asian,24,48,48,46,46,6
0,Female,4,Australia,Mixed-Black/Asian,30,43,45,45,28,5
0,Male,5,UK,Mixed-Black/Asian,39,39,42,41,50,5
0,Male,2,Australia,Mixed-Black/Asian,28,39,45,40,39,5
0,Male,0,UK,Mixed-Black/Asian,26,42,57,37,28,5
1,Female,4,Australia,Mixed-Black/Asian,25,32,51,35,26,5
1,Male,0,Canada,Mixed-Black/Asian,34,38,43,56,52,5
1,Male,4,Australia,Mixed-Black/Asian,54,38,49,35,34,5
0,Female,5,Canada,Mixed-Black/Asian,47,47,53,42,38,6
0,Female,4,Canada,Mixed-Black/Asian,27,51,55,51,40,5
3,Female,4,UK,Mixed-Black/Asian,57,29,33,44,29,5
0,Male,4,UK,Mixed-Black/Asian,38,39,44,56,51,4
3,Female,0,UK,Mixed-Black/Asian,40,37,50,45,32,6
0,Female,0,UK,Mixed-Black/Asian,27,31,41,36,46,6
0,Female,4,UK,Mixed-Black/Asian,12,43,46,51,54,6
3,Female,0,Canada,Mixed-Black/Asian,41,36,49,26,40,6
0,Female,4,UK,Mixed-White/Asian,45,40,54,42,31,6
0,Female,4,UK,Mixed-Black/Asian,51,31,45,37,37,6
1,Male,5,UK,Mixed-Black/Asian,21,55,60,50,40,6
0,Female,4,UK,Mixed-Black/Asian,46,37,46,31,34,5
1,Female,5,Canada,Mixed-Black/Asian,26,48,49,46,47,6
1,Female,4,UK,Mixed-Black/Asian,32,21,37,38,40,4
0,Female,0,New Zealand,Mixed-Black/Asian,35,26,56,43,39,4
1,Female,3,Canada,Mixed-Black/Asian,43,33,38,43,32,6
1,Female,0,Canada,Mixed-Black/Asian,26,40,29,46,42,6
1,Female,3,UK,Mixed-Black/Asian,49,30,43,42,24,5
4,Female,0,UK,Mixed-Black/Asian,41,37,42,32,46,3
0,Female,4,UK,Mixed-Black/Asian,49,33,51,45,36,5
0,Female,4,UK,Mixed-Black/Asian,46,25,41,50,32,5
0,Female,4,Australia,Mixed-Black/Asian,22,31,52,53,28,6
0,Female,4,Australia,Mixed-Black/Asian,40,41,45,43,27,5
1,Male,3,UK,Mixed-Black/Asian,56,45,51,29,28,0
1,Female,2,Other,Mixed-Black/Asian,42,35,47,35,40,6
2,Female,3,USA,Mixed-Black/Asian,24,41,56,50,44,5
0,Female,2,UK,Mixed-Black/Asian,40,48,38,37,38,6
0,Female,0,UK,Mixed-Black/Asian,49,44,44,34,29,5
1,Male,0,Canada,Mixed-Black/Asian,35,42,40,43,45,6
1,Male,5,Australia,Mixed-Black/Asian,39,26,46,47,32,5
1,Female,4,UK,Mixed-Black/Asian,41,31,49,16,38,6
0,Male,4,UK,Mixed-Black/Asian,27,43,47,52,40,5
1,Male,5,USA,Mixed-Black/Asian,51,28,51,36,30,4
2,Female,3,UK,Mixed-Black/Asian,40,31,47,42,46,0
0,Male,4,UK,Mixed-Black/Asian,54,26,54,52,33,4
3,Female,5,Canada,Mixed-Black/Asian,38,32,41,41,37,6
0,Female,4,Republic of Ireland,Mixed-Black/Asian,51,34,41,35,25,3
1,Female,2,UK,Mixed-Black/Asian,38,35,48,43,34,5
1,Female,5,UK,Mixed-Black/Asian,14,37,38,33,48,4
2,Female,3,UK,Mixed-Black/Asian,53,33,47,33,32,3
0,Female,4,UK,Mixed-Black/Asian,37,41,47,39,37,5
3,Male,0,USA,Mixed-Black/Asian,30,44,44,46,48,5
1,Female,4,UK,Mixed-Black/Asian,48,37,50,50,45,4
2,Male,5,UK,Mixed-Black/Asian,52,27,42,41,32,6
4,Male,2,UK,Mixed-White/Asian,39,35,41,35,40,6
0,Female,0,Australia,Mixed-Black/Asian,41,34,45,42,27,4
0,Male,2,Canada,Mixed-Black/Asian,40,41,48,48,38,4
0,Female,0,Canada,Mixed-Black/Asian,27,51,56,53,38,6
0,Male,4,Canada,Mixed-Black/Asian,38,39,44,39,45,6
0,Female,4,Canada,Mixed-Black/Asian,42,52,57,46,39,5
3,Female,3,Republic of Ireland,Mixed-Black/Asian,31,40,44,35,48,5
1,Male,5,New Zealand,Mixed-Black/Asian,42,39,47,43,33,5
0,Female,0,UK,Mixed-White/Asian,44,32,36,37,43,4
0,Female,4,UK,Mixed-Black/Asian,36,39,56,44,44,4
1,Male,0,Canada,Mixed-Black/Asian,34,33,48,49,54,6
1,Female,0,USA,Mixed-Black/Asian,32,42,46,44,45,4
1,Female,4,UK,Mixed-Black/Asian,44,32,49,39,49,5
2,Female,5,UK,Mixed-Black/Asian,32,36,52,48,28,6
1,Female,5,UK,Mixed-Black/Asian,41,33,53,41,46,6
0,Female,0,UK,Mixed-Black/Asian,44,38,55,38,34,5
3,Female,3,UK,Mixed-Black/Asian,40,39,45,30,34,6
2,Male,5,UK,Mixed-Black/Asian,25,48,55,51,44,6
2,Female,4,UK,Mixed-Black/Asian,37,36,46,38,43,5
0,Female,4,UK,Mixed-Black/Asian,33,41,39,47,48,5
0,Male,4,UK,Mixed-Black/Asian,40,41,55,47,46,6
0,Female,4,UK,Mixed-White/Asian,36,34,52,41,49,6
1,Female,2,UK,Mixed-Black/Asian,39,34,46,37,49,6
0,Female,4,UK,Mixed-White/Asian,23,40,40,48,40,5
0,Female,4,Australia,Mixed-Black/Asian,44,39,46,34,35,5
1,Male,4,UK,Mixed-Black/Asian,31,42,47,53,43,5
1,Male,2,UK,Mixed-Black/Asian,55,43,57,24,32,6
0,Female,4,UK,Mixed-Black/Asian,28,38,42,48,40,3
0,Female,4,UK,Mixed-Black/Asian,34,28,48,39,40,6
1,Female,4,Australia,Mixed-Black/Asian,52,37,42,40,34,6
1,Male,3,USA,Mixed-Black/Asian,40,37,42,56,36,6
0,Female,5,UK,Mixed-Black/Asian,31,47,52,41,53,5
3,Female,0,UK,Mixed-Black/Asian,34,31,45,49,44,4
0,Female,4,UK,Mixed-Black/Asian,44,38,50,37,35,5
0,Female,4,Australia,Mixed-Black/Asian,26,44,48,47,36,6
1,Male,5,Canada,Mixed-Black/Asian,48,38,52,46,42,6
4,Male,0,UK,Mixed-Black/Asian,32,43,49,40,42,6
0,Female,4,New Zealand,Mixed-Black/Asian,25,49,49,39,42,5
0,Female,2,UK,Mixed-Black/Asian,18,42,51,54,48,5
0,Male,4,UK,Mixed-Black/Asian,42,44,49,44,22,6
0,Female,0,New Zealand,Mixed-Black/Asian,51,29,49,46,33,4
0,Female,4,UK,Mixed-Black/Asian,14,47,53,53,38,4
2,Female,5,UK,Mixed-Black/Asian,39,41,51,36,45,6
0,Female,4,UK,Mixed-Black/Asian,45,37,46,40,29,6
0,Female,4,UK,Mixed-Black/Asian,41,38,42,38,38,5
1,Female,5,New Zealand,Mixed-Black/Asian,27,38,45,30,40,6
1,Female,0,UK,Mixed-Black/Asian,32,21,41,43,44,3
0,Female,4,UK,Mixed-Black/Asian,55,19,37,45,27,5
1,Male,5,Australia,Mixed-Black/Asian,37,28,49,49,29,6
0,Female,4,UK,Mixed-Black/Asian,39,46,57,38,37,4
0,Female,4,UK,Mixed-Black/Asian,29,45,48,36,36,5
0,Female,0,UK,Mixed-White/Black,40,43,44,34,40,0
1,Female,4,UK,Mixed-Black/Asian,44,30,49,36,33,4
0,Male,0,Canada,Mixed-Black/Asian,26,36,46,29,31,6
3,Female,5,Canada,Mixed-Black/Asian,31,50,55,52,50,6
0,Female,3,UK,Mixed-White/Asian,37,40,51,28,51,5
0,Female,4,New Zealand,Other,22,33,50,36,39,5
3,Female,5,USA,Mixed-Black/Asian,26,44,43,36,47,5
0,Female,4,New Zealand,Mixed-Black/Asian,23,47,50,39,36,5
0,Female,4,Australia,Mixed-Black/Asian,33,32,48,40,34,4
0,Male,4,New Zealand,Mixed-Black/Asian,45,41,50,42,26,4
0,Female,4,USA,Mixed-Black/Asian,33,41,50,40,42,6
2,Male,3,Canada,Mixed-Black/Asian,43,43,36,37,43,5
1,Female,3,UK,Mixed-Black/Asian,48,36,52,43,35,6
0,Female,3,New Zealand,Mixed-Black/Asian,34,49,55,44,31,4
0,Female,4,UK,Mixed-Black/Asian,40,44,44,37,42,6
1,Male,2,UK,Mixed-Black/Asian,39,48,45,38,34,6
0,Male,4,Australia,Mixed-Black/Asian,24,41,51,35,30,5
0,Male,3,UK,Mixed-Black/Asian,46,46,48,32,35,5
0,Male,0,UK,Mixed-Black/Asian,46,38,47,33,37,5
0,Female,4,UK,Mixed-Black/Asian,33,44,48,40,42,6
1,Female,0,UK,Mixed-Black/Asian,31,22,30,42,41,5
0,Male,4,UK,Mixed-Black/Asian,45,38,46,43,39,5
0,Female,5,UK,Mixed-Black/Asian,42,49,50,44,48,3
1,Male,5,UK,Mixed-Black/Asian,41,44,54,42,31,4
2,Female,0,UK,Mixed-Black/Asian,47,36,47,47,30,6
0,Female,4,UK,Other,26,52,54,44,46,4
0,Male,0,UK,Mixed-Black/Asian,37,41,53,40,41,5
0,Male,5,Australia,Mixed-White/Asian,46,31,53,29,38,4
0,Male,4,Australia,Mixed-Black/Asian,51,37,49,47,45,6
0,Female,5,Canada,Mixed-Black/Asian,43,37,50,47,41,4
0,Female,4,UK,Mixed-Black/Asian,36,32,46,45,46,4
4,Female,2,UK,Mixed-Black/Asian,37,44,50,41,46,6
3,Male,2,Canada,Mixed-Black/Asian,21,45,54,47,42,5
0,Female,5,UK,Mixed-Black/Asian,36,45,52,40,50,5
1,Female,0,UK,Mixed-Black/Asian,39,42,52,50,36,5
0,Male,5,Canada,Mixed-Black/Asian,35,41,49,34,45,5
3,Male,4,Canada,Mixed-Black/Asian,40,40,48,47,42,6
2,Male,5,Canada,Mixed-Black/Asian,46,30,43,42,35,5
1,Male,5,Canada,Mixed-Black/Asian,24,45,37,36,41,4
3,Male,5,Canada,Mixed-Black/Asian,27,26,36,52,48,6
1,Male,5,Canada,Mixed-Black/Asian,41,40,39,44,31,6
3,Male,5,Canada,Mixed-Black/Asian,24,51,46,44,54,5
3,Male,3,Canada,Mixed-Black/Asian,24,38,30,53,32,6
4,Female,5,Canada,Mixed-Black/Asian,37,36,40,40,32,6
3,Male,3,Canada,Mixed-Black/Asian,30,38,44,51,46,6
3,Male,2,Canada,Mixed-Black/Asian,31,39,55,43,48,6
2,Male,2,Canada,Mixed-Black/Asian,27,39,49,40,49,6
3,Male,0,Canada,Mixed-White/Black,43,39,54,40,47,4
2,Male,0,Canada,Mixed-Black/Asian,39,28,32,36,31,6
2,Male,5,Canada,Mixed-Black/Asian,32,31,32,45,40,6
1,Male,5,Canada,Mixed-White/Asian,36,34,44,40,37,5
3,Male,5,Canada,Mixed-Black/Asian,49,35,48,52,43,6
2,Male,5,Canada,Mixed-Black/Asian,26,36,46,34,46,5
1,Male,2,Canada,Mixed-Black/Asian,50,31,41,37,42,4
1,Male,0,Canada,Mixed-Black/Asian,27,45,42,39,42,5
3,Male,2,Canada,Mixed-Black/Asian,32,34,43,35,41,5
3,Male,5,Canada,Mixed-Black/Asian,29,42,44,45,36,4
1,Male,4,Canada,Mixed-Black/Asian,50,36,53,50,36,6
1,Male,3,Canada,Mixed-Black/Asian,39,46,39,44,46,5
3,Male,5,Canada,Mixed-Black/Asian,36,39,41,45,46,6
1,Male,3,Canada,Mixed-Black/Asian,32,34,38,47,42,6
2,Male,0,Canada,Mixed-Black/Asian,28,40,38,41,44,6
1,Male,2,Canada,Mixed-Black/Asian,53,33,44,31,26,5
2,Male,3,Canada,Mixed-Black/Asian,37,32,43,47,44,6
2,Male,5,Canada,Mixed-Black/Asian,40,40,38,32,42,5
1,Male,2,Canada,Mixed-Black/Asian,35,37,43,54,44,6
1,Male,3,Canada,Mixed-Black/Asian,24,39,38,49,43,3
4,Male,5,Canada,Mixed-Black/Asian,34,39,47,48,38,6
2,Male,4,Australia,Mixed-Black/Asian,52,33,33,48,34,5
2,Female,0,Australia,Mixed-Black/Asian,52,39,52,36,39,5
2,Male,2,Canada,Mixed-Black/Asian,26,41,49,41,46,5
3,Male,3,Canada,Mixed-Black/Asian,21,35,34,44,53,6
0,Female,4,UK,Mixed-Black/Asian,31,47,50,39,33,6
1,Male,4,UK,Mixed-White/Black,35,49,58,37,38,6
2,Male,3,UK,Mixed-Black/Asian,25,38,51,49,49,4
0,Male,5,Canada,Black,42,41,38,45,38,6
0,Female,5,Canada,Black,44,44,40,28,48,0
0,Female,4,UK,Mixed-Black/Asian,24,51,48,50,45,5
0,Male,4,Canada,Mixed-White/Asian,23,40,47,44,40,6
0,Male,4,UK,Mixed-Black/Asian,44,25,49,35,27,6
0,Female,4,UK,Mixed-Black/Asian,54,33,46,35,32,6
0,Female,4,UK,Other,20,52,60,48,44,6
0,Female,4,UK,Mixed-Black/Asian,43,43,41,33,38,5
2,Male,5,UK,Mixed-Black/Asian,30,43,58,40,41,6
0,Male,4,UK,Mixed-Black/Asian,35,46,46,36,39,5
0,Female,2,Canada,Mixed-Black/Asian,31,42,52,42,47,6
0,Female,4,Australia,Mixed-White/Asian,47,28,46,36,34,5
1,Female,3,Canada,Mixed-Black/Asian,33,45,48,41,43,4
1,Female,4,UK,Mixed-Black/Asian,53,32,49,32,32,0
1,Male,2,UK,Mixed-Black/Asian,43,53,54,38,51,5
0,Male,4,UK,Mixed-Black/Asian,53,23,51,38,34,6
0,Female,4,UK,Mixed-Black/Asian,36,36,54,48,33,6
0,Male,4,UK,Mixed-Black/Asian,32,43,45,37,50,5
0,Female,4,UK,Mixed-White/Asian,32,40,50,42,38,6
2,Male,5,UK,Mixed-Black/Asian,19,43,50,34,38,6
1,Female,4,UK,Mixed-Black/Asian,45,39,56,44,44,4
2,Male,4,UK,Mixed-Black/Asian,30,33,55,45,37,5
0,Male,4,UK,Mixed-Black/Asian,38,48,47,49,49,5
0,Female,5,UK,Mixed-Black/Asian,29,49,55,52,49,6
2,Female,5,USA,Mixed-Black/Asian,35,36,39,39,45,4
0,Male,4,UK,Mixed-Black/Asian,31,45,56,49,31,5
0,Female,4,USA,Mixed-Black/Asian,58,22,53,43,23,6
1,Female,4,UK,Mixed-Black/Asian,32,44,57,39,44,5
1,Female,2,Canada,Mixed-Black/Asian,27,31,45,38,43,6
1,Male,5,Australia,Mixed-White/Asian,32,43,47,46,42,3
1,Male,2,Republic of Ireland,Mixed-Black/Asian,23,56,51,56,44,6
0,Female,0,Australia,Mixed-Black/Asian,41,34,39,38,40,4
0,Male,4,Canada,Mixed-Black/Asian,33,42,48,46,47,6
2,Male,2,UK,Mixed-Black/Asian,26,52,52,40,53,6
0,Male,4,UK,Mixed-Black/Asian,24,54,29,33,31,5
2,Female,5,UK,Mixed-Black/Asian,27,46,50,49,49,6
0,Female,5,Australia,Mixed-Black/Asian,20,47,51,41,50,5
1,Female,3,UK,Mixed-Black/Asian,27,39,51,31,39,5
1,Male,5,Canada,Mixed-Black/Asian,36,45,34,34,46,4
0,Male,4,UK,Black,40,31,43,49,41,4
2,Female,5,UK,Mixed-Black/Asian,29,38,44,42,50,2
0,Female,4,UK,Mixed-Black/Asian,44,46,45,41,40,5
0,Male,4,UK,Mixed-White/Asian,31,45,58,48,40,4
0,Male,5,Australia,Mixed-Black/Asian,38,42,59,46,29,6
2,Female,4,UK,Mixed-Black/Asian,46,30,45,45,51,3
0,Male,4,UK,Mixed-Black/Asian,40,36,53,46,34,5
0,Female,3,USA,Mixed-Black/Asian,42,26,48,44,38,5
0,Female,3,New Zealand,Mixed-Black/Asian,27,42,55,41,39,5
0,Female,4,UK,Mixed-Black/Asian,24,38,47,51,49,5
0,Male,5,UK,Mixed-Black/Asian,29,45,53,54,44,5
1,Male,5,Canada,Mixed-Black/Asian,53,34,54,32,33,6
0,Female,5,UK,Mixed-White/Black,50,39,46,54,33,4
2,Female,5,UK,Mixed-Black/Asian,48,32,52,44,37,5
0,Male,3,New Zealand,Mixed-Black/Asian,53,30,33,37,55,6
0,Female,5,UK,Mixed-Black/Asian,40,38,49,37,44,5
1,Female,4,Australia,Mixed-Black/Asian,15,42,51,57,42,6
3,Female,5,UK,Mixed-Black/Asian,48,31,49,37,42,6
0,Male,5,Canada,Mixed-Black/Asian,36,50,41,48,50,5
0,Male,5,Canada,Asian,37,40,43,38,47,6
2,Female,3,New Zealand,Mixed-Black/Asian,37,43,48,39,47,4
0,Female,3,UK,Mixed-Black/Asian,52,26,44,40,21,6
0,Female,0,UK,Mixed-White/Asian,30,59,58,39,48,6
2,Female,0,UK,Asian,43,30,39,41,38,4
2,Male,0,Australia,Mixed-Black/Asian,32,37,54,44,30,6
0,Female,3,Canada,Mixed-Black/Asian,38,44,33,36,35,5
0,Female,0,New Zealand,Mixed-Black/Asian,49,31,38,26,48,4
0,Female,0,Australia,Mixed-Black/Asian,44,47,56,51,44,5
3,Female,4,UK,Mixed-Black/Asian,44,39,49,42,43,5
0,Female,5,UK,Mixed-Black/Asian,43,27,52,40,26,6
0,Male,0,UK,Mixed-Black/Asian,47,33,44,45,39,4
0,Male,4,Canada,Mixed-Black/Asian,26,55,48,35,32,5
0,Male,4,UK,Mixed-Black/Asian,19,33,47,43,37,6
0,Male,5,Canada,Mixed-Black/Asian,40,36,39,42,51,6
4,Female,5,UK,Mixed-Black/Asian,52,24,38,35,40,4
0,Male,0,UK,Mixed-Black/Asian,30,44,54,48,43,5
0,Female,4,UK,Mixed-Black/Asian,46,33,55,42,32,5
0,Female,5,UK,Mixed-Black/Asian,34,42,50,49,42,6
1,Female,4,Australia,Mixed-Black/Asian,21,44,50,43,46,4
0,Female,3,New Zealand,Mixed-Black/Asian,40,41,44,37,45,5
0,Female,4,UK,Mixed-Black/Asian,23,37,52,40,31,6
0,Female,4,UK,Mixed-Black/Asian,31,28,49,36,43,6
0,Male,4,USA,Mixed-Black/Asian,41,46,56,43,50,5
0,Male,4,Australia,Mixed-Black/Asian,26,45,56,35,24,6
0,Female,4,UK,Mixed-Black/Asian,44,32,50,48,33,5
1,Male,2,Canada,Mixed-Black/Asian,39,36,47,47,54,6
0,Female,4,Canada,Mixed-Black/Asian,44,44,40,36,31,6
2,Male,5,UK,Mixed-Black/Asian,35,33,48,50,35,5
0,Male,0,New Zealand,Mixed-Black/Asian,37,38,46,31,25,6
0,Female,0,UK,Mixed-Black/Asian,38,27,49,46,31,5
0,Male,4,UK,Mixed-Black/Asian,50,44,53,33,33,5
0,Female,4,UK,Mixed-Black/Asian,40,50,53,46,40,6
1,Male,3,UK,Mixed-Black/Asian,57,41,47,35,30,0
1,Male,2,Canada,Mixed-Black/Asian,30,37,35,48,38,5
0,Female,4,UK,Mixed-Black/Asian,48,41,50,41,32,5
1,Female,5,New Zealand,Mixed-Black/Asian,47,41,44,46,36,4
3,Female,5,Canada,Mixed-White/Asian,30,36,46,42,41,5
0,Female,0,Canada,Mixed-Black/Asian,26,51,48,48,34,4
2,Female,5,Australia,Mixed-Black/Asian,50,36,52,32,39,6
1,Male,2,Canada,Mixed-Black/Asian,42,42,43,52,48,6
1,Male,2,New Zealand,Mixed-White/Black,50,33,51,43,54,5
0,Female,4,UK,Mixed-Black/Asian,30,43,56,42,44,6
1,Male,5,Canada,Mixed-Black/Asian,25,45,39,40,46,6
0,Female,4,UK,Mixed-Black/Asian,26,43,53,54,50,6
0,Female,4,Australia,Mixed-Black/Asian,24,38,52,50,34,5
0,Male,5,UK,Mixed-Black/Asian,29,42,49,48,43,6
0,Female,4,UK,Mixed-Black/Asian,22,48,55,39,51,5
0,Male,4,Canada,Mixed-Black/Asian,33,37,44,43,46,5
3,Male,4,Canada,Mixed-Black/Asian,35,33,53,39,40,6
1,Male,0,UK,Mixed-Black/Asian,41,42,56,39,37,5
2,Male,3,Canada,Mixed-Black/Asian,42,43,49,39,35,5
0,Female,4,UK,Mixed-Black/Asian,34,43,52,38,44,6
0,Female,5,UK,Mixed-Black/Asian,44,42,42,43,41,5
0,Female,4,UK,Mixed-White/Black,31,53,57,39,32,4
3,Female,3,Canada,Mixed-Black/Asian,32,41,41,40,43,6
1,Male,2,Canada,Mixed-Black/Asian,49,42,45,43,45,5
1,Male,2,Canada,Mixed-Black/Asian,43,40,47,48,51,6
1,Male,5,Canada,Mixed-Black/Asian,40,39,46,48,46,5
1,Male,2,Canada,Mixed-Black/Asian,52,37,37,52,35,5
0,Male,5,Canada,Mixed-Black/Asian,30,43,52,53,46,6
0,Female,4,Canada,Mixed-Black/Asian,28,47,46,51,54,2
1,Male,5,Canada,Mixed-Black/Asian,44,34,42,40,40,6
1,Male,2,Canada,Mixed-Black/Asian,46,46,39,39,41,6
1,Male,5,Canada,Mixed-Black/Asian,42,41,47,51,45,6
1,Male,5,Canada,Mixed-Black/Asian,45,40,52,49,38,6
1,Male,5,Canada,Mixed-Black/Asian,40,40,38,44,46,6
0,Male,5,Canada,Mixed-Black/Asian,16,41,33,58,35,6
1,Male,0,Canada,Other,51,48,50,45,36,4
1,Male,5,Canada,Mixed-Black/Asian,38,36,35,46,31,5
1,Male,2,Canada,Mixed-Black/Asian,28,45,54,51,45,5
1,Female,2,Canada,Mixed-Black/Asian,49,31,42,46,32,6
1,Male,0,Canada,Mixed-Black/Asian,18,33,41,44,38,5
1,Male,5,Canada,Mixed-Black/Asian,30,37,50,52,50,6
1,Male,5,UK,Mixed-Black/Asian,40,38,55,41,51,5
1,Male,2,Canada,Mixed-Black/Asian,46,45,54,43,44,6
1,Male,5,Canada,Mixed-Black/Asian,46,35,44,38,47,6
1,Male,0,Canada,Mixed-Black/Asian,32,54,55,47,46,6
0,Female,0,Canada,Mixed-Black/Asian,53,30,45,31,29,5
0,Female,4,USA,Mixed-Black/Asian,25,32,40,45,44,5
0,Male,5,Canada,Black,45,35,41,45,42,5
1,Male,2,Republic of Ireland,Mixed-Black/Asian,34,38,37,54,40,6
0,Female,4,UK,Mixed-Black/Asian,32,45,55,47,42,4
1,Female,4,UK,Mixed-Black/Asian,44,37,50,38,38,4
1,Female,4,UK,Mixed-Black/Asian,34,43,51,39,44,6
3,Female,1,Republic of Ireland,Mixed-Black/Asian,35,33,46,50,34,6
0,Female,5,UK,Mixed-Black/Asian,28,51,56,46,40,6
1,Female,4,Canada,Mixed-Black/Asian,42,36,44,40,33,4
1,Male,5,UK,Mixed-Black/Asian,33,44,54,48,46,5
2,Female,3,Canada,Asian,39,42,45,42,42,5
0,Male,3,Canada,Mixed-White/Asian,36,40,45,45,53,6
0,Female,4,UK,Mixed-Black/Asian,27,51,50,34,49,5
0,Male,4,UK,Mixed-Black/Asian,43,38,41,46,35,4
0,Female,4,UK,Mixed-Black/Asian,33,49,55,39,41,4
0,Male,4,UK,Mixed-Black/Asian,48,47,42,28,37,6
3,Male,0,Canada,Mixed-Black/Asian,26,31,41,40,46,4
1,Male,2,Canada,Other,39,33,42,58,51,6
1,Male,2,Canada,Mixed-Black/Asian,40,30,38,47,44,5
4,Male,2,Canada,Mixed-Black/Asian,28,40,47,45,47,6
4,Male,3,Canada,Mixed-Black/Asian,28,36,48,45,33,5
0,Female,0,UK,Mixed-Black/Asian,48,37,48,46,41,5
0,Female,4,UK,Mixed-Black/Asian,20,47,51,37,49,6
0,Female,4,Australia,Mixed-Black/Asian,29,44,46,35,36,5
2,Male,2,Canada,Mixed-Black/Asian,34,40,40,48,45,6
3,Male,2,Canada,Mixed-Black/Asian,25,39,47,52,50,6
1,Male,2,Canada,Mixed-Black/Asian,46,33,41,51,48,5
2,Male,0,Canada,Mixed-Black/Asian,31,46,51,49,46,6
2,Male,2,Canada,Mixed-Black/Asian,29,37,38,54,48,4
3,Male,2,Canada,Mixed-Black/Asian,23,41,48,49,49,6
1,Male,2,Canada,Mixed-Black/Asian,29,46,48,50,54,5
1,Male,2,Canada,Mixed-Black/Asian,36,44,38,39,53,6
1,Male,5,UK,Asian,25,49,50,51,52,0
0,Male,2,Canada,Black,30,41,40,47,47,6
1,Male,2,Canada,Mixed-Black/Asian,26,47,52,36,51,6
1,Male,0,Canada,Mixed-Black/Asian,26,36,46,50,53,6
0,Female,4,UK,Mixed-Black/Asian,40,37,58,30,55,6
0,Male,5,Canada,Mixed-Black/Asian,39,41,35,46,49,6
1,Male,0,Canada,Mixed-Black/Asian,31,40,45,48,47,6
0,Female,3,UK,Mixed-Black/Asian,43,35,55,55,39,6
3,Male,2,Canada,Mixed-Black/Asian,19,44,47,52,52,4
1,Male,0,Canada,Mixed-Black/Asian,41,32,43,54,45,6
1,Male,5,Canada,Mixed-Black/Asian,24,36,45,46,49,4
0,Male,5,Canada,Mixed-Black/Asian,27,45,46,50,37,5
2,Male,0,Canada,Mixed-Black/Asian,19,50,47,44,47,5
4,Female,2,Canada,Mixed-Black/Asian,37,44,52,45,36,6
1,Female,2,Canada,Mixed-Black/Asian,37,41,43,46,43,5
0,Female,4,UK,Mixed-Black/Asian,25,45,52,49,45,6
1,Female,2,Canada,Mixed-Black/Asian,14,48,42,48,38,3
1,Male,4,UK,White,43,36,44,37,41,6
0,Male,5,UK,Mixed-Black/Asian,30,42,51,42,46,5
4,Male,5,UK,Mixed-Black/Asian,20,45,52,53,48,6
1,Male,2,Canada,Mixed-Black/Asian,34,34,37,51,43,5
0,Male,5,Canada,Mixed-Black/Asian,39,40,46,48,40,6
5,Female,5,Canada,Mixed-Black/Asian,20,39,42,57,45,4
4,Female,2,Canada,Mixed-Black/Asian,28,38,48,45,51,6
0,Female,4,UK,Mixed-Black/Asian,34,43,45,36,43,6
1,Male,2,UK,Mixed-Black/Asian,33,42,52,46,43,6
3,Female,4,New Zealand,Mixed-White/Asian,46,35,40,35,47,0
1,Male,4,UK,Mixed-Black/Asian,57,26,42,27,24,5
1,Female,3,New Zealand,Mixed-Black/Asian,32,37,45,40,43,5
0,Female,4,UK,Mixed-Black/Asian,40,35,46,41,32,5
0,Female,4,UK,Mixed-Black/Asian,27,49,56,43,38,4
2,Male,3,UK,Mixed-Black/Asian,35,36,31,43,40,0
1,Male,4,UK,Mixed-White/Asian,49,42,51,49,43,4
3,Male,5,UK,Mixed-Black/Asian,51,22,47,43,26,6
3,Male,0,Canada,Mixed-Black/Asian,27,40,47,44,47,6
1,Male,5,Canada,Mixed-Black/Asian,33,43,51,53,41,6
2,Female,3,UK,Mixed-Black/Asian,41,32,43,44,33,6
1,Male,0,Canada,Mixed-Black/Asian,26,49,40,49,46,6
0,Female,4,Australia,Mixed-Black/Asian,25,47,54,32,37,6
1,Male,5,Canada,Mixed-Black/Asian,35,38,37,43,47,6
0,Female,5,USA,Mixed-Black/Asian,43,40,45,36,46,5
1,Male,4,UK,Mixed-Black/Asian,31,37,45,31,32,2
1,Male,0,Canada,Mixed-Black/Asian,49,35,42,33,49,5
0,Male,2,Canada,Mixed-Black/Asian,35,47,36,40,36,6
0,Female,4,UK,Mixed-Black/Asian,50,36,41,40,30,6
3,Female,4,UK,Mixed-Black/Asian,34,38,50,44,40,5
0,Female,4,UK,Mixed-Black/Asian,55,33,43,41,29,6
0,Female,4,Canada,Mixed-Black/Asian,45,16,43,33,28,6
0,Female,4,Canada,Mixed-Black/Asian,28,33,46,39,39,5
1,Female,2,Australia,Mixed-Black/Asian,25,41,48,37,35,6
3,Male,1,UK,Mixed-Black/Asian,42,39,43,40,34,4
3,Female,5,UK,Mixed-Black/Asian,26,46,49,43,46,6
1,Female,0,UK,Mixed-White/Asian,32,43,46,39,42,3
0,Male,4,UK,Mixed-Black/Asian,42,41,50,29,42,5
0,Female,5,UK,Mixed-Black/Asian,40,26,52,42,38,4
1,Female,5,UK,Mixed-Black/Asian,31,43,55,41,39,5
0,Male,5,UK,Mixed-White/Black,31,40,44,44,38,5
2,Male,3,UK,Mixed-Black/Asian,52,19,48,51,36,5
3,Male,0,Canada,Mixed-Black/Asian,36,50,53,47,54,4
0,Male,0,Canada,Mixed-Black/Asian,59,21,53,38,25,5
0,Male,5,Canada,Mixed-Black/Asian,46,35,52,31,39,6
1,Male,3,UK,Mixed-Black/Asian,43,31,51,47,42,5
1,Female,4,UK,Mixed-Black/Asian,45,24,45,40,35,6
0,Female,5,UK,Mixed-Black/Asian,43,34,56,44,32,6
0,Female,1,UK,Mixed-Black/Asian,56,35,48,39,41,5
0,Female,4,UK,Mixed-White/Black,34,36,40,39,38,3
1,Female,0,UK,Mixed-Black/Asian,48,22,48,41,27,6
0,Female,4,UK,Mixed-Black/Asian,46,37,46,34,33,6
0,Female,0,UK,Mixed-Black/Asian,28,52,56,36,39,5
3,Female,0,UK,Mixed-Black/Asian,42,30,55,37,38,6
0,Female,3,UK,Mixed-Black/Asian,36,28,57,37,43,5
0,Female,4,UK,Mixed-Black/Asian,33,34,37,34,27,1
0,Female,4,Australia,Mixed-Black/Asian,49,38,45,42,32,6
0,Female,3,UK,Mixed-Black/Asian,49,28,53,37,31,6
1,Female,3,UK,Mixed-Black/Asian,35,19,54,52,45,3
0,Female,4,UK,Mixed-Black/Asian,44,53,57,44,37,6
0,Female,0,UK,Mixed-Black/Asian,51,23,54,46,31,5
0,Female,0,USA,Mixed-Black/Asian,44,48,48,35,35,3
0,Female,0,UK,Mixed-Black/Asian,41,48,54,40,38,5
0,Female,4,UK,Mixed-Black/Asian,45,40,53,35,30,5
0,Male,5,Canada,Mixed-Black/Asian,20,52,50,33,43,5
0,Female,4,UK,Mixed-Black/Asian,22,46,56,43,41,6
0,Female,1,Other,Mixed-Black/Asian,25,33,53,51,38,6
1,Male,5,UK,Mixed-White/Asian,34,46,54,48,40,6
0,Female,4,UK,Mixed-Black/Asian,46,27,50,42,22,4
0,Female,4,UK,Mixed-White/Asian,27,48,43,39,42,6
1,Female,0,USA,Mixed-Black/Asian,36,42,39,45,37,6
2,Male,4,Republic of Ireland,Mixed-Black/Asian,39,40,40,39,38,5
0,Male,4,UK,Mixed-White/Asian,31,45,48,55,53,6
0,Male,4,UK,Mixed-Black/Asian,37,33,38,46,33,4
0,Male,4,UK,Mixed-White/Asian,36,51,42,40,55,5
0,Female,4,UK,Mixed-Black/Asian,47,35,52,49,35,4
0,Male,4,UK,Mixed-Black/Asian,42,39,57,52,43,5
0,Female,4,UK,Mixed-Black/Asian,22,48,39,46,48,6
1,Female,4,UK,Mixed-Black/Asian,44,18,48,34,26,5
0,Female,4,Canada,Mixed-Black/Asian,34,37,41,38,29,6
0,Female,4,UK,Mixed-Black/Asian,44,45,52,47,36,5
0,Male,4,UK,Mixed-Black/Asian,46,33,52,44,41,6
0,Female,0,UK,Mixed-White/Asian,33,26,48,39,33,4
0,Male,4,UK,Mixed-Black/Asian,50,41,52,43,46,6
1,Female,5,Canada,Mixed-Black/Asian,25,36,34,45,50,0
1,Male,2,Canada,Mixed-Black/Asian,29,33,50,45,50,4
1,Male,3,Canada,Mixed-Black/Asian,31,40,38,45,42,5
4,Male,3,Canada,Mixed-Black/Asian,40,29,33,37,39,3
3,Male,4,Canada,Mixed-Black/Asian,34,33,37,39,45,4
3,Male,3,Canada,Mixed-Black/Asian,30,36,37,49,48,5
0,Female,4,Canada,Mixed-Black/Asian,35,22,40,31,39,6
1,Female,2,Canada,Mixed-Black/Asian,22,47,46,43,51,5
0,Male,2,Canada,Mixed-Black/Asian,39,45,39,45,44,4
1,Male,4,Canada,Mixed-Black/Asian,24,50,42,53,49,6
4,Male,5,Canada,Mixed-Black/Asian,20,50,49,48,52,4
0,Male,5,Canada,Other,27,39,40,38,50,6
1,Male,2,Canada,Black,43,41,41,37,49,5
2,Male,5,Canada,Mixed-Black/Asian,42,29,44,45,41,6
3,Male,1,Canada,Mixed-Black/Asian,38,38,37,39,40,6
2,Female,3,Canada,Mixed-Black/Asian,43,29,40,42,33,6
2,Male,5,Canada,Mixed-Black/Asian,35,51,26,38,56,5
3,Male,3,Canada,Mixed-Black/Asian,31,38,36,52,54,6
2,Male,3,Canada,Mixed-Black/Asian,44,45,48,51,44,5
3,Male,3,Canada,Mixed-Black/Asian,57,20,44,37,36,6
2,Female,2,Canada,Mixed-Black/Asian,22,45,54,54,42,5
1,Female,5,Canada,Mixed-Black/Asian,35,43,38,38,40,5
1,Male,2,Canada,Mixed-Black/Asian,26,48,43,42,42,5
3,Female,3,Canada,Mixed-Black/Asian,28,37,46,54,47,5
0,Male,4,Canada,Mixed-Black/Asian,30,38,40,47,46,6
1,Male,2,Canada,Mixed-Black/Asian,39,40,44,47,45,5
3,Male,3,Canada,Mixed-Black/Asian,46,42,51,53,38,5
2,Male,5,Canada,Mixed-Black/Asian,35,46,38,49,52,6
2,Male,4,Canada,Mixed-Black/Asian,33,41,33,40,45,6
1,Male,2,Canada,Mixed-Black/Asian,33,45,42,52,48,5
3,Male,5,Canada,Mixed-Black/Asian,26,39,38,40,46,6
3,Male,2,Canada,Mixed-Black/Asian,40,37,55,51,47,5
2,Male,0,Canada,Mixed-Black/Asian,31,41,43,51,46,5
3,Male,3,Canada,Mixed-Black/Asian,42,29,29,37,43,4
2,Male,2,Canada,Mixed-Black/Asian,33,39,37,46,51,6
2,Female,3,Canada,Mixed-Black/Asian,39,31,46,48,43,5
2,Male,2,Canada,Mixed-Black/Asian,43,54,47,54,43,0
1,Male,5,Canada,Mixed-Black/Asian,37,47,47,42,46,6
2,Male,5,Canada,Mixed-Black/Asian,36,39,52,41,46,6
2,Male,3,Canada,Mixed-Black/Asian,32,45,34,39,45,6
2,Female,0,Canada,Mixed-Black/Asian,24,53,42,39,43,5
2,Female,3,Canada,Mixed-Black/Asian,19,49,46,45,48,6
2,Male,5,Canada,Mixed-Black/Asian,44,35,40,52,49,5
3,Male,3,Canada,Mixed-Black/Asian,19,45,39,58,49,5
3,Male,5,Canada,Mixed-Black/Asian,28,52,43,50,45,0
2,Male,0,Canada,Mixed-Black/Asian,36,45,48,43,41,5
1,Male,5,Canada,Mixed-Black/Asian,33,47,43,42,45,6
1,Male,5,Canada,Mixed-Black/Asian,30,51,52,43,40,5
4,Male,4,Canada,Mixed-Black/Asian,35,44,47,46,45,5
2,Male,5,Canada,Mixed-Black/Asian,29,42,39,47,43,5
1,Male,2,Canada,Mixed-Black/Asian,28,48,33,44,47,5
1,Male,3,Canada,Mixed-Black/Asian,25,47,36,45,42,6
1,Male,3,Canada,Mixed-Black/Asian,29,46,38,42,46,5
1,Female,2,Canada,Mixed-Black/Asian,37,44,47,37,52,6
4,Male,2,Canada,Mixed-Black/Asian,39,43,53,41,36,5
1,Male,5,Canada,Mixed-Black/Asian,35,56,57,49,35,6
3,Female,0,Canada,Mixed-Black/Asian,32,52,46,48,50,5
1,Male,5,Canada,Black,33,53,30,37,41,5
2,Male,3,Canada,Mixed-Black/Asian,22,49,49,46,46,6
2,Male,2,Canada,Mixed-Black/Asian,28,42,46,42,49,5
1,Female,4,UK,Mixed-Black/Asian,33,32,59,37,37,4
1,Male,5,Canada,Mixed-Black/Asian,34,32,34,49,47,6
3,Male,5,Canada,Mixed-Black/Asian,38,44,39,48,38,5
1,Male,5,Canada,Mixed-Black/Asian,32,37,36,50,48,6
2,Male,5,Canada,Other,37,48,39,46,42,6
1,Female,4,Canada,Mixed-Black/Asian,15,54,48,33,46,6
2,Male,0,Canada,Mixed-Black/Asian,25,43,54,50,57,6
4,Female,3,Canada,Mixed-Black/Asian,42,29,35,48,39,6
1,Female,2,Canada,Mixed-Black/Asian,41,40,51,47,40,6
3,Female,3,Canada,Mixed-Black/Asian,39,41,38,47,46,6
1,Female,4,UK,Mixed-Black/Asian,39,38,53,41,35,4
3,Female,3,Canada,Mixed-Black/Asian,37,40,43,39,47,5
1,Female,5,Canada,Asian,49,38,39,41,40,5
2,Female,3,Canada,Mixed-Black/Asian,22,39,50,46,49,4
2,Female,5,Canada,Mixed-Black/Asian,41,34,37,47,35,6
3,Female,2,Canada,Mixed-Black/Asian,37,35,45,38,40,5
2,Female,4,Canada,Mixed-Black/Asian,28,43,46,44,43,5
2,Male,3,Canada,Mixed-Black/Asian,28,42,37,48,47,6
1,Male,3,Canada,Mixed-Black/Asian,23,44,36,47,46,5
1,Male,2,Canada,Mixed-Black/Asian,20,48,37,42,51,5
1,Male,2,Canada,Mixed-Black/Asian,42,40,46,48,42,5
3,Male,3,Canada,Mixed-Black/Asian,37,39,40,45,46,6
2,Male,5,Canada,Mixed-Black/Asian,34,43,52,36,34,6
2,Male,3,Canada,Mixed-Black/Asian,18,43,45,58,49,5
2,Female,3,New Zealand,Mixed-Black/Asian,51,41,43,43,53,4
3,Male,3,Canada,Asian,32,42,40,41,45,4
0,Male,0,Canada,Mixed-Black/Asian,36,30,37,43,42,6
4,Female,1,Canada,Mixed-Black/Asian,23,40,34,46,46,5
3,Male,3,Canada,Mixed-Black/Asian,36,44,34,36,42,6
0,Female,4,UK,Mixed-Black/Asian,53,31,47,33,34,0
3,Male,0,Canada,Mixed-Black/Asian,38,36,41,45,45,6
3,Male,3,Canada,Mixed-Black/Asian,35,41,39,42,40,6
2,Male,3,Canada,Mixed-Black/Asian,39,44,42,47,43,6
3,Male,3,Canada,Mixed-Black/Asian,46,40,45,49,48,6
1,Male,2,Canada,Mixed-Black/Asian,21,43,36,41,49,4
3,Male,3,Canada,Mixed-Black/Asian,36,34,46,46,41,6
1,Male,2,Canada,Mixed-Black/Asian,29,39,41,48,44,6
3,Female,0,Canada,Mixed-Black/Asian,36,47,44,43,41,6
2,Female,3,Canada,Mixed-Black/Asian,36,33,47,49,46,6
2,Female,3,Canada,Mixed-Black/Asian,44,34,42,46,39,4
1,Male,2,Canada,Mixed-Black/Asian,29,43,45,48,51,0
1,Male,5,Canada,Mixed-Black/Asian,34,38,40,41,51,6
1,Male,5,Canada,Mixed-Black/Asian,36,50,54,51,46,4
4,Female,4,UK,Mixed-Black/Asian,21,31,40,33,39,4
0,Female,5,UK,Mixed-Black/Asian,38,31,48,40,33,5
1,Male,0,Canada,Mixed-Black/Asian,28,46,44,54,51,5
4,Female,0,Canada,Mixed-Black/Asian,39,38,41,32,45,5
2,Male,5,Canada,Mixed-Black/Asian,28,47,33,48,48,5
0,Male,5,Canada,Mixed-Black/Asian,52,31,41,39,43,4
1,Female,4,New Zealand,Mixed-Black/Asian,21,41,44,40,48,5
0,Female,3,Canada,Mixed-Black/Asian,34,45,59,46,42,3
3,Male,5,Canada,Mixed-Black/Asian,18,44,48,44,45,6
2,Male,3,Canada,Mixed-Black/Asian,51,41,58,34,31,6
0,Male,1,Canada,Mixed-Black/Asian,29,39,44,53,40,5
1,Female,3,Australia,Mixed-Black/Asian,29,47,46,46,41,6
1,Male,4,Canada,Mixed-Black/Asian,26,40,44,46,36,6
1,Male,0,Canada,Mixed-Black/Asian,36,43,49,48,41,6
1,Male,5,Canada,Mixed-Black/Asian,30,43,41,55,48,6
0,Female,4,Canada,Mixed-Black/Asian,36,46,56,39,43,6
1,Male,0,USA,Mixed-Black/Asian,37,37,35,43,48,5
2,Female,3,Canada,Mixed-Black/Asian,42,32,40,37,45,6
2,Male,5,USA,Mixed-Black/Asian,25,36,41,46,48,6
3,Female,5,Canada,Mixed-Black/Asian,42,34,33,36,43,5
4,Female,5,Canada,Mixed-Black/Asian,42,37,54,49,33,6
1,Male,5,Canada,Mixed-Black/Asian,30,41,42,48,33,5
1,Female,3,Republic of Ireland,Mixed-Black/Asian,26,43,52,46,47,5
3,Female,3,Canada,Mixed-Black/Asian,31,41,36,41,55,5
2,Female,3,Canada,Mixed-Black/Asian,28,47,31,41,38,6
1,Male,5,Canada,Mixed-Black/Asian,56,24,39,50,37,6
0,Male,4,UK,Mixed-Black/Asian,49,40,46,48,40,5
3,Male,3,Canada,Mixed-Black/Asian,33,45,34,51,49,6
0,Male,5,Canada,Mixed-Black/Asian,37,44,46,28,52,3
0,Male,5,Canada,Mixed-Black/Asian,35,48,41,46,45,6
3,Male,4,Canada,Mixed-Black/Asian,33,50,40,51,46,6
3,Female,3,Canada,Mixed-Black/Asian,31,43,38,38,41,4
0,Female,4,UK,Asian,37,28,46,46,30,5
1,Female,5,UK,Mixed-Black/Asian,41,23,49,48,44,6
0,Male,4,UK,Asian,49,25,52,43,33,6
2,Male,3,Canada,Mixed-Black/Asian,26,44,43,47,46,5
1,Male,3,New Zealand,Mixed-Black/Asian,50,22,38,55,40,5
1,Male,2,UK,Mixed-Black/Asian,37,46,56,46,40,5
2,Female,4,UK,Mixed-Black/Asian,46,29,40,33,42,4
1,Female,4,Australia,Mixed-Black/Asian,54,27,47,52,35,3
1,Male,0,Canada,Mixed-Black/Asian,23,45,46,57,40,0
1,Male,5,Canada,Mixed-Black/Asian,43,38,44,46,39,6
1,Male,5,Canada,Mixed-Black/Asian,31,45,39,52,49,5
3,Female,2,Canada,Mixed-Black/Asian,27,38,46,41,39,5
2,Female,3,Canada,Mixed-Black/Asian,31,44,45,42,37,6
0,Female,4,UK,Mixed-Black/Asian,37,27,43,45,39,5
4,Female,0,Canada,Mixed-Black/Asian,25,40,51,35,49,4
3,Male,5,Canada,Mixed-Black/Asian,42,36,51,42,45,6
1,Male,2,UK,Mixed-Black/Asian,21,45,51,42,42,0
0,Female,4,UK,Mixed-Black/Asian,49,33,58,31,27,6
2,Male,5,UK,Mixed-Black/Asian,54,34,58,48,42,4
1,Male,3,Canada,Mixed-Black/Asian,30,43,32,45,48,5
0,Female,4,UK,Mixed-Black/Asian,32,35,42,45,33,6
0,Female,0,New Zealand,Mixed-Black/Asian,40,41,46,37,35,4
4,Female,4,Canada,Mixed-Black/Asian,42,27,38,38,28,4
0,Female,5,Canada,Mixed-Black/Asian,27,42,36,39,53,5
0,Male,3,Canada,Mixed-Black/Asian,31,45,42,49,41,5
2,Male,5,Canada,Mixed-Black/Asian,31,46,40,45,49,5
3,Male,5,Canada,Mixed-Black/Asian,26,48,40,49,41,4
2,Male,0,Canada,Mixed-Black/Asian,28,34,51,37,44,6
1,Male,5,Canada,Mixed-Black/Asian,36,51,50,44,41,6
2,Male,2,Canada,Mixed-Black/Asian,28,44,40,36,44,5
2,Male,0,Canada,Mixed-White/Asian,17,51,46,47,56,6
3,Male,0,Canada,Mixed-Black/Asian,35,38,34,51,51,6
3,Female,3,Canada,Mixed-Black/Asian,48,43,50,38,48,6
3,Female,2,Canada,Mixed-Black/Asian,34,45,42,38,35,5
2,Male,2,Canada,Mixed-White/Asian,40,34,53,48,46,5
3,Female,3,Canada,Mixed-Black/Asian,25,42,43,37,43,5
1,Male,5,Canada,Mixed-Black/Asian,36,37,46,49,31,6
1,Male,5,Canada,Mixed-Black/Asian,40,47,38,57,50,6
1,Male,0,Canada,Mixed-Black/Asian,31,41,28,47,49,6
3,Female,5,Canada,Mixed-Black/Asian,35,47,51,49,53,6
4,Female,3,Canada,Mixed-Black/Asian,19,39,36,47,45,6
3,Male,3,Canada,Mixed-Black/Asian,24,41,42,45,46,4
1,Male,0,Canada,Mixed-Black/Asian,25,31,30,54,46,5
1,Male,2,Canada,Mixed-Black/Asian,37,42,50,38,38,6
0,Male,0,Canada,Mixed-Black/Asian,21,42,33,54,47,0
3,Female,2,Canada,Mixed-Black/Asian,28,33,43,40,39,6
0,Female,4,Australia,Mixed-Black/Asian,18,46,46,44,52,6
1,Male,4,Canada,Mixed-Black/Asian,42,30,41,43,36,5
3,Female,2,Canada,Mixed-Black/Asian,32,38,48,42,43,5
1,Female,3,Canada,Mixed-Black/Asian,40,34,40,35,50,6
3,Female,3,Canada,Mixed-Black/Asian,27,38,35,43,43,4
3,Male,3,Canada,Mixed-Black/Asian,26,45,42,49,51,4
1,Male,2,Canada,Mixed-Black/Asian,16,42,30,55,54,5
2,Female,3,Canada,Mixed-Black/Asian,23,46,48,51,44,5
3,Female,3,Canada,Mixed-Black/Asian,24,38,45,46,42,6
4,Male,1,Canada,Mixed-Black/Asian,34,41,41,49,46,5
1,Male,3,Canada,Mixed-Black/Asian,38,40,43,45,42,4
3,Male,5,Canada,Mixed-Black/Asian,27,42,42,42,49,5
1,Male,5,UK,Mixed-Black/Asian,50,44,52,32,42,6
2,Female,5,Canada,Mixed-Black/Asian,22,45,53,39,38,6
2,Male,2,Canada,Mixed-Black/Asian,30,43,42,41,48,6
4,Male,4,Canada,Mixed-Black/Asian,31,33,36,46,42,5
1,Male,0,Canada,Mixed-Black/Asian,20,46,39,56,55,5
2,Male,2,Canada,Asian,33,36,42,44,43,0
3,Male,4,Canada,Mixed-Black/Asian,37,45,49,52,41,5
0,Female,5,UK,Mixed-Black/Asian,49,35,60,60,36,6
1,Male,0,UK,Mixed-Black/Asian,58,37,43,30,26,5
3,Female,0,Canada,Mixed-Black/Asian,33,43,40,39,45,5
1,Male,5,UK,Mixed-Black/Asian,54,44,55,36,37,5
1,Female,5,Canada,Mixed-Black/Asian,29,46,41,55,49,5
1,Male,3,Canada,Mixed-Black/Asian,34,50,46,44,39,6
0,Female,4,UK,Mixed-Black/Asian,26,41,49,27,30,6
0,Male,0,UK,Mixed-Black/Asian,46,49,59,40,49,6
0,Female,0,UK,Mixed-Black/Asian,43,40,55,47,29,5
2,Female,3,Canada,Mixed-Black/Asian,46,37,29,41,47,6
3,Female,2,USA,Mixed-Black/Asian,27,37,47,38,49,5
2,Female,2,Australia,Mixed-Black/Asian,33,27,46,41,44,5
3,Male,3,Canada,Mixed-Black/Asian,30,42,47,34,48,5
2,Male,3,Canada,Mixed-Black/Asian,33,36,45,41,47,6
0,Female,4,UK,Mixed-Black/Asian,41,32,46,28,31,4
0,Male,5,Australia,Mixed-Black/Asian,28,32,57,45,57,4
2,Female,0,Canada,Mixed-Black/Asian,45,38,47,45,35,6
1,Male,4,UK,Mixed-Black/Asian,41,52,55,41,48,6
1,Male,5,UK,Mixed-Black/Asian,44,31,54,58,44,6
0,Female,4,UK,Mixed-Black/Asian,39,26,47,51,56,6
1,Male,4,Australia,Mixed-Black/Asian,45,33,54,43,37,5
2,Male,3,Canada,Mixed-Black/Asian,28,43,38,47,42,6
1,Female,5,UK,Mixed-Black/Asian,31,46,46,46,42,5
4,Female,4,UK,Mixed-Black/Asian,33,30,45,34,48,6
0,Female,0,UK,Other,32,48,53,43,38,6
1,Male,2,UK,Mixed-Black/Asian,45,44,43,35,36,4
0,Male,0,Republic of Ireland,Mixed-Black/Asian,44,37,49,46,34,6
0,Female,4,UK,Mixed-Black/Asian,27,43,49,46,45,5
0,Male,5,UK,Mixed-Black/Asian,44,32,55,45,49,6
3,Male,0,Canada,Mixed-Black/Asian,46,35,34,41,35,5
0,Male,5,UK,Mixed-Black/Asian,35,42,46,26,47,6
3,Female,4,UK,Mixed-Black/Asian,33,40,48,45,40,6
0,Male,5,UK,Mixed-Black/Asian,49,35,31,34,34,5
0,Female,0,New Zealand,Mixed-Black/Asian,23,36,35,32,50,4
1,Male,0,Canada,Mixed-Black/Asian,32,43,51,46,50,5
1,Male,4,Canada,Other,48,34,40,36,35,5
0,Female,4,UK,Asian,46,32,43,42,32,6
1,Male,2,Canada,Mixed-Black/Asian,34,36,43,46,44,5
0,Female,4,UK,Mixed-Black/Asian,29,59,57,43,36,6
0,Female,5,UK,Mixed-Black/Asian,41,33,47,48,37,5
3,Male,5,Australia,Mixed-Black/Asian,32,32,45,39,46,4
0,Female,4,UK,Mixed-Black/Asian,36,39,59,36,30,6
0,Female,0,UK,Mixed-Black/Asian,37,42,49,35,39,5
2,Male,0,UK,Mixed-Black/Asian,33,39,51,44,55,3
0,Female,5,UK,Mixed-Black/Asian,42,29,57,39,57,4
0,Female,4,UK,Mixed-Black/Asian,31,39,50,54,38,4
0,Male,4,UK,Mixed-Black/Asian,44,27,60,44,36,6
1,Female,5,Australia,Mixed-Black/Asian,36,44,53,40,47,5
2,Male,0,Canada,Mixed-Black/Asian,43,36,31,38,27,5
0,Female,4,UK,Mixed-Black/Asian,39,39,57,45,30,6
0,Female,5,UK,Mixed-Black/Asian,50,29,46,29,36,4
4,Female,2,Canada,Mixed-Black/Asian,30,51,32,36,52,5
3,Female,4,UK,Mixed-Black/Asian,56,31,46,26,20,4
1,Female,0,UK,Mixed-Black/Asian,41,50,60,51,53,5
0,Female,2,UK,Mixed-White/Asian,28,43,55,50,43,6
0,Female,4,UK,Mixed-Black/Asian,34,51,53,45,34,6
0,Female,3,UK,Mixed-White/Asian,40,39,55,51,37,3
0,Female,4,UK,Mixed-Black/Asian,44,36,52,46,38,4
2,Male,3,UK,Mixed-Black/Asian,36,34,40,42,33,5
2,Female,5,UK,Mixed-White/Asian,34,33,54,39,29,5
0,Male,2,Canada,Asian,40,34,42,44,39,5
0,Male,0,UK,Mixed-Black/Asian,48,47,53,33,43,3
0,Female,5,UK,Mixed-Black/Asian,30,31,53,35,48,6
0,Female,4,UK,Mixed-Black/Asian,22,34,53,43,55,4
1,Male,0,Australia,Mixed-Black/Asian,49,39,49,34,32,6
1,Female,5,Australia,Black,29,44,47,42,38,6
2,Male,5,New Zealand,Mixed-Black/Asian,45,35,59,40,51,5
0,Male,2,Canada,Mixed-Black/Asian,37,42,39,53,48,5
3,Female,5,Canada,Mixed-Black/Asian,20,40,47,38,41,5
0,Male,4,UK,Mixed-White/Asian,35,31,48,50,44,4
1,Male,5,UK,Mixed-Black/Asian,37,44,50,39,41,5
0,Female,2,UK,Mixed-Black/Asian,14,55,54,45,51,6
0,Female,4,UK,Mixed-Black/Asian,51,25,55,39,21,6
3,Male,4,UK,Mixed-Black/Asian,49,39,49,46,37,6
0,Female,4,UK,Mixed-Black/Asian,28,42,57,36,36,5
0,Male,4,UK,Mixed-Black/Asian,48,31,53,41,24,4
1,Female,5,Canada,Black,31,29,42,41,39,5
0,Female,5,UK,Mixed-Black/Asian,36,32,47,34,42,5
0,Male,5,UK,Mixed-Black/Asian,38,38,52,51,42,5
1,Male,5,UK,Mixed-Black/Asian,26,29,47,45,44,5
1,Male,2,UK,Mixed-Black/Asian,32,47,49,26,41,4
1,Male,5,UK,Mixed-White/Asian,44,28,44,33,33,3
1,Male,5,USA,Mixed-Black/Asian,37,22,48,36,35,4
0,Female,0,Australia,Mixed-Black/Asian,38,40,49,37,27,4
0,Female,5,UK,Mixed-White/Asian,14,52,52,45,55,5
2,Male,5,UK,Mixed-Black/Asian,32,32,48,41,50,5
1,Female,4,UK,Mixed-Black/Asian,29,44,43,40,44,5
3,Female,5,UK,Mixed-Black/Asian,42,34,46,40,30,6
2,Male,3,UK,Mixed-Black/Asian,54,26,52,45,28,6
2,Male,4,UK,Mixed-Black/Asian,39,29,49,48,40,5
2,Male,3,UK,Mixed-Black/Asian,35,34,46,47,44,0
1,Male,3,USA,Mixed-Black/Asian,22,46,57,52,44,5
4,Male,5,UK,Mixed-Black/Asian,40,44,49,52,41,5
0,Female,4,Australia,Mixed-Black/Asian,37,37,55,41,33,6
1,Female,5,UK,Mixed-White/Asian,47,39,54,29,48,6
3,Female,0,Canada,Mixed-Black/Asian,33,34,46,32,41,5
0,Female,4,UK,Mixed-Black/Asian,30,43,58,51,45,5
3,Female,5,UK,Mixed-Black/Asian,35,44,50,48,50,6
0,Female,4,UK,Mixed-Black/Asian,24,48,52,50,49,4
0,Male,5,UK,Mixed-Black/Asian,51,33,54,37,31,6
0,Male,4,New Zealand,Mixed-Black/Asian,42,33,49,47,49,5
3,Female,3,UK,Asian,26,33,39,38,47,6
1,Male,5,UK,Mixed-Black/Asian,55,30,57,48,34,6
0,Female,0,USA,Mixed-Black/Asian,39,44,44,41,32,4
1,Female,3,UK,Mixed-White/Asian,40,46,45,40,47,5
1,Male,2,Canada,Mixed-Black/Asian,34,39,43,41,48,4
2,Female,0,UK,Mixed-Black/Asian,31,31,43,46,41,5
0,Female,4,UK,Mixed-Black/Asian,34,48,44,29,45,5
0,Female,4,UK,Mixed-Black/Asian,22,41,58,41,42,4
0,Female,0,USA,Mixed-Black/Asian,34,40,50,41,30,6
2,Female,3,Australia,Mixed-Black/Asian,25,47,50,43,43,6
0,Female,4,UK,Mixed-Black/Asian,39,36,44,33,35,5
0,Female,4,UK,Mixed-Black/Asian,52,42,56,42,28,5
0,Female,0,UK,Mixed-Black/Asian,33,42,49,42,41,6
2,Female,4,Australia,Mixed-Black/Asian,32,40,51,45,43,5
4,Male,5,New Zealand,Mixed-Black/Asian,21,32,53,40,37,6
1,Male,5,UK,Mixed-White/Asian,32,40,54,42,45,6
3,Female,1,UK,Mixed-Black/Asian,43,37,49,36,44,6
0,Male,4,UK,Mixed-Black/Asian,42,44,60,36,48,4
1,Female,4,UK,Mixed-Black/Asian,19,40,58,37,45,2
0,Male,3,UK,Mixed-Black/Asian,36,40,59,39,25,5
0,Male,5,UK,Mixed-Black/Asian,37,34,55,45,52,6
0,Male,4,UK,Mixed-Black/Asian,47,37,48,38,41,4
0,Female,4,Australia,Mixed-Black/Asian,30,39,48,32,31,5
0,Female,4,UK,Mixed-Black/Asian,34,47,55,41,42,4
1,Male,5,Australia,Mixed-Black/Asian,26,46,57,54,50,4
0,Female,0,UK,Mixed-Black/Asian,46,37,55,36,43,4
0,Female,4,New Zealand,Mixed-Black/Asian,28,40,59,48,30,5
0,Female,0,UK,Mixed-Black/Asian,43,31,50,39,39,5
5,Female,4,UK,Mixed-Black/Asian,55,39,59,49,37,6
0,Female,4,UK,Mixed-White/Black,35,27,50,38,41,4
1,Female,4,New Zealand,Mixed-White/Asian,34,36,55,37,36,5
0,Female,0,UK,Mixed-Black/Asian,50,26,42,31,46,5
0,Female,5,New Zealand,Mixed-Black/Asian,35,27,52,38,55,5
0,Female,4,Australia,Mixed-Black/Asian,28,42,48,41,40,5
0,Male,4,UK,Mixed-Black/Asian,25,51,57,48,33,4
0,Female,4,UK,Mixed-Black/Asian,33,51,50,48,30,4
1,Male,5,UK,Mixed-Black/Asian,47,30,37,31,31,6
0,Male,4,UK,Mixed-Black/Asian,45,26,48,32,22,5
0,Female,4,Republic of Ireland,Mixed-Black/Asian,31,53,56,50,45,6
